id,first_name,last_name,email,gender,ip_address
2001,Fritz,Abrahami,fabrahami0@deliciousdays.com,Non-binary,45.77.235.134
2002,Archibold,Perel,aperel1@latimes.com,Male,14.58.82.202
2003,Cosetta,Yellowlea,cyellowlea2@weather.com,Female,132.71.39.72
2004,Richmound,Giacobilio,rgiacobilio3@themeforest.net,Genderqueer,117.14.155.207
2005,Beth,Absalom,babsalom4@jiathis.com,Female,54.139.143.72
2006,Lonna,Heasman,lheasman5@abc.net.au,Agender,255.139.227.218
2007,Agretha,Shrubshall,ashrubshall6@wordpress.com,Female,243.71.69.210
2008,Enid,Stych,estych7@eventbrite.com,Genderqueer,1.141.15.220
2009,Ban,Avraham,bavraham8@unc.edu,Male,227.176.183.114
2010,Gabriel,McWhannel,gmcwhannel9@issuu.com,Female,98.249.212.148
2011,Nicolette,Boler,nbolera@t-online.de,Female,70.170.159.65
2012,Darice,Cases,dcasesb@sciencedaily.com,Female,206.255.16.212
2013,Eleni,Burberry,eburberryc@quantcast.com,Female,20.15.86.151
2014,Geoffry,Birkinshaw,gbirkinshawd@accuweather.com,Male,211.221.216.48
2015,Lorin,Gaymer,lgaymere@slashdot.org,Genderqueer,26.223.61.39
2016,Stephenie,Menico,smenicof@technorati.com,Female,244.252.37.41
2017,Sammy,Dametti,sdamettig@goodreads.com,Female,67.246.249.123
2018,Angelo,Hanney,ahanneyh@taobao.com,Male,75.171.242.20
2019,Ingemar,Hendren,ihendreni@t.co,Male,226.65.85.218
2020,Gherardo,Torrie,gtorriej@ihg.com,Male,86.138.179.216
2021,Yetty,Bernardoux,ybernardouxk@kickstarter.com,Female,230.133.156.223
2022,Hill,Shilston,hshilstonl@eepurl.com,Male,35.189.116.25
2023,Marnia,MacDaid,mmacdaidm@blog.com,Female,150.236.77.221
2024,Orel,Tesyro,otesyron@tinyurl.com,Female,148.194.186.49
2025,Helyn,Turfin,hturfino@archive.org,Female,154.89.149.226
2026,Saunders,Hencke,shenckep@etsy.com,Male,245.185.198.132
2027,Lorna,Dayly,ldaylyq@hp.com,Female,244.94.22.175
2028,Gennifer,Simoneschi,gsimoneschir@samsung.com,Female,15.216.215.178
2029,Nancy,Macconachy,nmacconachys@admin.ch,Female,36.124.254.0
2030,Minerva,Pilmore,mpilmoret@51.la,Female,109.90.43.64
2031,Claudelle,Cade,ccadeu@booking.com,Female,167.167.55.166
2032,Dominique,Waddie,dwaddiev@tumblr.com,Female,80.149.141.145
2033,Addison,Caulton,acaultonw@adobe.com,Male,50.206.95.159
2034,Veradis,Teggin,vtegginx@ow.ly,Female,3.198.141.174
2035,Kerk,Brewerton,kbrewertony@shareasale.com,Male,122.249.184.219
2036,Carrie,Langfield,clangfieldz@bandcamp.com,Female,204.182.144.56
2037,Elfreda,Hatherell,ehatherell10@mozilla.org,Female,161.167.96.23
2038,Celie,Spurling,cspurling11@vistaprint.com,Bigender,238.1.112.251
2039,Chadwick,Kinder,ckinder12@washington.edu,Male,100.30.6.211
2040,Kalli,Wealleans,kwealleans13@istockphoto.com,Female,140.174.189.129
2041,Daloris,Livick,dlivick14@dot.gov,Female,141.205.134.32
2042,Simone,Arnaudet,sarnaudet15@odnoklassniki.ru,Female,209.96.103.126
2043,Osbourn,Cordeau,ocordeau16@weebly.com,Genderfluid,212.113.103.254
2044,Jeralee,Keri,jkeri17@google.it,Female,214.186.162.171
2045,Orbadiah,Bartolomeu,obartolomeu18@rambler.ru,Male,136.203.82.84
2046,Berkly,Neiland,bneiland19@dion.ne.jp,Male,37.229.250.219
2047,Vince,Hugill,vhugill1a@123-reg.co.uk,Male,238.37.67.149
2048,Susy,Lambal,slambal1b@tinypic.com,Female,57.163.154.151
2049,Raeann,Tills,rtills1c@sciencedaily.com,Female,55.52.97.57
2050,Lutero,Crump,lcrump1d@ca.gov,Genderqueer,44.65.180.139
2051,Kittie,Sapir,ksapir1e@gravatar.com,Female,73.79.179.85
2052,Lana,Molineaux,lmolineaux1f@noaa.gov,Female,106.137.3.99
2053,Felic,Abriani,fabriani1g@trellian.com,Male,8.150.182.31
2054,Editha,Iddon,eiddon1h@twitter.com,Female,137.174.85.176
2055,Antonino,Ondrich,aondrich1i@bandcamp.com,Male,244.166.100.114
2056,Elyn,Megroff,emegroff1j@google.pl,Female,230.245.11.75
2057,Sharon,Cleverly,scleverly1k@timesonline.co.uk,Female,212.13.121.162
2058,Blakelee,Tremblet,btremblet1l@github.com,Female,215.3.200.52
2059,Gretel,Boswell,gboswell1m@telegraph.co.uk,Female,140.252.213.31
2060,Ambrosio,Gaize,agaize1n@hexun.com,Polygender,126.2.161.133
2061,Kristi,Fattorini,kfattorini1o@scribd.com,Female,231.1.67.175
2062,Caitrin,O'Hone,cohone1p@spotify.com,Female,219.143.19.134
2063,Chickie,Shilling,cshilling1q@nasa.gov,Genderfluid,3.173.75.68
2064,Rance,Goade,rgoade1r@sitemeter.com,Male,195.36.165.45
2065,Nessie,Sproat,nsproat1s@jigsy.com,Female,26.124.160.173
2066,Jacenta,Rozet,jrozet1t@timesonline.co.uk,Female,59.132.128.25
2067,Ryon,Bevans,rbevans1u@vkontakte.ru,Male,242.250.39.183
2068,Liane,Eskriet,leskriet1v@live.com,Bigender,30.117.91.32
2069,Cyndy,Lorentz,clorentz1w@foxnews.com,Female,107.202.252.98
2070,Brinn,Bellord,bbellord1x@vistaprint.com,Female,101.154.124.22
2071,Wittie,Morena,wmorena1y@linkedin.com,Male,240.116.79.140
2072,Tuesday,Hatchard,thatchard1z@storify.com,Female,176.69.121.255
2073,Inness,Slopier,islopier20@zdnet.com,Male,246.137.21.63
2074,Isidro,Buckett,ibuckett21@si.edu,Male,103.68.80.7
2075,Evangelia,Duff,eduff22@alexa.com,Female,102.1.193.15
2076,Curran,Howick,chowick23@ebay.co.uk,Male,121.232.36.217
2077,Bill,Minithorpe,bminithorpe24@hatena.ne.jp,Female,191.85.49.184
2078,Corty,Scolli,cscolli25@artisteer.com,Male,136.46.85.39
2079,Fayre,Farncombe,ffarncombe26@prweb.com,Female,1.29.179.107
2080,Torrey,Balogh,tbalogh27@cam.ac.uk,Male,234.253.149.177
2081,Arvie,Larchier,alarchier28@icio.us,Male,104.1.185.250
2082,Leanna,Savory,lsavory29@yelp.com,Female,195.33.77.160
2083,Dinnie,Celler,dceller2a@squarespace.com,Female,116.3.94.158
2084,Sandor,Dumbarton,sdumbarton2b@newsvine.com,Male,65.148.37.53
2085,Silvano,McQuarter,smcquarter2c@go.com,Male,31.62.197.71
2086,Ashley,Peterson,apeterson2d@vistaprint.com,Male,229.66.197.30
2087,Shell,O'Henecan,sohenecan2e@cbslocal.com,Female,74.152.113.49
2088,Adamo,Standbrooke,astandbrooke2f@qq.com,Male,235.144.63.41
2089,Phoebe,Castiglioni,pcastiglioni2g@marriott.com,Female,138.84.99.231
2090,Hinze,Trangmar,htrangmar2h@hp.com,Male,69.26.9.122
2091,Kale,Shortan,kshortan2i@jugem.jp,Non-binary,70.72.199.113
2092,Leoline,Pawfoot,lpawfoot2j@apple.com,Female,140.39.133.194
2093,Ivy,Colter,icolter2k@bravesites.com,Female,228.11.226.148
2094,Mattie,Rubinek,mrubinek2l@reuters.com,Female,91.174.253.247
2095,Alma,Manuele,amanuele2m@theatlantic.com,Female,238.24.35.125
2096,Tracy,Boadby,tboadby2n@smugmug.com,Male,244.176.188.94
2097,Chet,Cobbe,ccobbe2o@slideshare.net,Male,5.183.6.4
2098,Ashlin,Stoneley,astoneley2p@nationalgeographic.com,Non-binary,227.211.93.14
2099,Liza,Moden,lmoden2q@theatlantic.com,Genderqueer,239.27.165.105
2100,Pietrek,Averill,paverill2r@fastcompany.com,Male,226.118.195.133
2101,Rickie,Hinckesman,rhinckesman2s@spotify.com,Male,136.190.98.208
2102,Joanne,Whitfeld,jwhitfeld2t@economist.com,Female,210.180.133.135
2103,Parnell,Blakebrough,pblakebrough2u@taobao.com,Male,105.132.165.37
2104,Wayne,McIlenna,wmcilenna2v@tinypic.com,Male,168.17.164.166
2105,Kinnie,Benstead,kbenstead2w@senate.gov,Male,193.235.172.69
2106,Jorie,Lankester,jlankester2x@yolasite.com,Female,140.41.69.100
2107,Sharity,Eastbrook,seastbrook2y@csmonitor.com,Female,56.202.42.209
2108,Remy,Eayres,reayres2z@auda.org.au,Female,40.159.173.151
2109,Trula,McKennan,tmckennan30@jimdo.com,Female,146.35.194.124
2110,Wald,Spincke,wspincke31@usatoday.com,Male,83.30.200.29
2111,Andree,Choppen,achoppen32@alexa.com,Female,99.251.69.122
2112,Goldy,Jarmaine,gjarmaine33@merriam-webster.com,Female,208.173.237.35
2113,Haley,Clawley,hclawley34@instagram.com,Female,3.94.103.239
2114,Margaretha,Elmore,melmore35@microsoft.com,Female,61.215.83.7
2115,Kliment,Dooler,kdooler36@dion.ne.jp,Male,20.70.200.114
2116,Alvera,D'Almeida,adalmeida37@furl.net,Female,230.185.75.6
2117,Mair,Goundrill,mgoundrill38@jigsy.com,Female,251.169.235.109
2118,Malchy,Orteu,morteu39@ihg.com,Non-binary,220.191.64.88
2119,Meier,Sapson,msapson3a@multiply.com,Male,215.247.52.129
2120,Erik,Swinnerton,eswinnerton3b@whitehouse.gov,Male,181.223.103.49
2121,Mariquilla,Corlett,mcorlett3c@mapquest.com,Female,204.106.190.93
2122,Hayden,Garioch,hgarioch3d@google.com.br,Male,92.67.233.183
2123,Marielle,Stanesby,mstanesby3e@devhub.com,Non-binary,51.115.195.8
2124,Dwain,Martinyuk,dmartinyuk3f@google.ca,Male,70.41.141.133
2125,Elicia,O'Shields,eoshields3g@sciencedaily.com,Female,38.140.100.180
2126,Rad,Tolerton,rtolerton3h@usda.gov,Male,218.21.183.36
2127,Angel,Goodie,agoodie3i@state.tx.us,Female,8.150.62.220
2128,Dodi,Loney,dloney3j@example.com,Female,232.24.118.205
2129,Barbey,Waite,bwaite3k@facebook.com,Female,192.179.99.211
2130,Marketa,De Giorgi,mdegiorgi3l@biglobe.ne.jp,Female,89.162.171.120
2131,Arlena,Tawton,atawton3m@globo.com,Female,90.29.58.34
2132,Reggie,Bulfield,rbulfield3n@nbcnews.com,Male,8.80.152.191
2133,Dori,Orpyne,dorpyne3o@com.com,Female,12.208.98.225
2134,Fabio,Hilling,fhilling3p@bloomberg.com,Male,232.128.237.227
2135,Trip,Riehm,triehm3q@paypal.com,Male,101.134.97.196
2136,Perry,MacAskill,pmacaskill3r@mysql.com,Male,192.233.253.33
2137,Clair,Tevlin,ctevlin3s@dailymail.co.uk,Polygender,95.152.228.199
2138,Harlen,Duthie,hduthie3t@quantcast.com,Male,109.25.243.7
2139,Ryon,Oehme,roehme3u@harvard.edu,Male,176.40.85.199
2140,Jourdain,Roze,jroze3v@t-online.de,Male,211.157.13.64
2141,Jacintha,Leyland,jleyland3w@delicious.com,Female,148.48.218.96
2142,Vernor,Iacovides,viacovides3x@mail.ru,Male,128.136.22.155
2143,Berna,Kluge,bkluge3y@apple.com,Female,14.128.175.143
2144,Rosamund,Byrde,rbyrde3z@hugedomains.com,Polygender,183.226.13.173
2145,Toddie,Shier,tshier40@topsy.com,Male,82.53.94.163
2146,Etta,Du Fray,edufray41@imgur.com,Female,215.61.215.222
2147,Waylin,Chessell,wchessell42@nih.gov,Male,226.143.203.123
2148,Noland,Pusill,npusill43@netlog.com,Non-binary,74.44.20.209
2149,Silvain,Pulteneye,spulteneye44@google.nl,Male,202.114.139.85
2150,Elston,Wickardt,ewickardt45@sbwire.com,Male,7.153.88.184
2151,Cordy,Smallbone,csmallbone46@wikispaces.com,Male,156.217.120.13
2152,Marlane,Hazard,mhazard47@google.com.hk,Female,232.124.4.18
2153,Barris,Seymour,bseymour48@washingtonpost.com,Male,60.58.97.13
2154,Ann,Ganniclifft,aganniclifft49@statcounter.com,Female,149.214.31.113
2155,Alexine,Boulds,aboulds4a@mozilla.com,Female,87.175.217.91
2156,Archibold,Guyver,aguyver4b@princeton.edu,Male,48.245.102.212
2157,Berta,de Merida,bdemerida4c@bluehost.com,Female,18.137.135.98
2158,Celestina,Cuseick,ccuseick4d@twitter.com,Female,103.86.71.5
2159,Devin,Leyland,dleyland4e@twitter.com,Male,123.241.154.192
2160,Millie,Curlis,mcurlis4f@japanpost.jp,Female,201.14.245.86
2161,Upton,Nucci,unucci4g@posterous.com,Male,3.53.7.30
2162,Kelley,Romer,kromer4h@goo.gl,Male,13.251.4.101
2163,Shayna,Janauschek,sjanauschek4i@ustream.tv,Female,100.255.6.176
2164,Eugenius,McCully,emccully4j@weibo.com,Male,99.147.169.94
2165,Ara,Bydaway,abydaway4k@slashdot.org,Male,180.220.165.40
2166,Rocky,Newton,rnewton4l@simplemachines.org,Non-binary,197.66.106.231
2167,Melisande,Strute,mstrute4m@ebay.co.uk,Genderfluid,246.142.232.48
2168,Mort,Jellman,mjellman4n@dagondesign.com,Male,118.19.30.246
2169,Damien,Lewinton,dlewinton4o@about.com,Male,100.109.13.194
2170,Nikki,Curbishley,ncurbishley4p@stanford.edu,Female,213.249.192.91
2171,Pru,Bairnsfather,pbairnsfather4q@disqus.com,Bigender,49.120.69.83
2172,Ame,Pascoe,apascoe4r@squarespace.com,Female,127.67.55.69
2173,Nikolaus,Filippello,nfilippello4s@behance.net,Male,141.173.250.134
2174,Parke,Struis,pstruis4t@photobucket.com,Male,171.162.190.131
2175,Shawn,Feak,sfeak4u@hao123.com,Male,150.28.46.117
2176,Anatol,Goscar,agoscar4v@typepad.com,Male,37.198.174.122
2177,Dianne,Corser,dcorser4w@uiuc.edu,Female,25.75.46.108
2178,Oliver,Wretham,owretham4x@amazonaws.com,Male,171.29.217.118
2179,Saul,Beine,sbeine4y@w3.org,Male,127.138.132.99
2180,Karola,Fishenden,kfishenden4z@artisteer.com,Female,127.205.228.161
2181,Marilee,Cockerill,mcockerill50@dropbox.com,Female,73.214.91.5
2182,Gilberto,Stallebrass,gstallebrass51@boston.com,Male,175.129.52.97
2183,Sarette,Foker,sfoker52@istockphoto.com,Female,33.194.132.230
2184,Beauregard,Gooly,bgooly53@dropbox.com,Male,150.193.220.202
2185,Thane,Kislingbury,tkislingbury54@geocities.com,Male,74.225.144.2
2186,Trixy,Espinha,tespinha55@edublogs.org,Female,168.107.77.178
2187,Petronille,Gorvin,pgorvin56@google.nl,Female,9.199.108.126
2188,Buddie,Moir,bmoir57@odnoklassniki.ru,Male,249.55.136.251
2189,Brooke,Wheelband,bwheelband58@redcross.org,Male,18.98.9.183
2190,Elsy,Rudiger,erudiger59@biblegateway.com,Female,237.129.130.128
2191,Betti,Bumford,bbumford5a@yale.edu,Female,175.167.227.43
2192,Chrystel,McKirton,cmckirton5b@soup.io,Female,228.124.112.198
2193,Sonya,Woodberry,swoodberry5c@sun.com,Bigender,135.135.28.192
2194,Amory,Ewert,aewert5d@cafepress.com,Male,238.95.165.7
2195,Fernanda,Shewry,fshewry5e@google.co.uk,Female,107.66.204.30
2196,Dorthea,Saunders,dsaunders5f@pagesperso-orange.fr,Female,123.197.20.242
2197,Hyatt,Blaisdell,hblaisdell5g@apache.org,Male,119.196.130.187
2198,Isidore,Hampstead,ihampstead5h@telegraph.co.uk,Male,230.137.199.138
2199,Heriberto,Palethorpe,hpalethorpe5i@csmonitor.com,Genderfluid,152.179.133.56
2200,Bevan,Brisker,bbrisker5j@bravesites.com,Bigender,62.216.37.135
2201,Marietta,Ledward,mledward5k@tinypic.com,Female,222.200.219.196
2202,Land,Jori,ljori5l@storify.com,Male,152.93.49.155
2203,Hendrik,Elsbury,helsbury5m@oakley.com,Polygender,54.131.212.38
2204,Siana,Chambers,schambers5n@sbwire.com,Genderqueer,158.245.68.232
2205,Lewie,Nund,lnund5o@hostgator.com,Male,244.25.36.131
2206,Jo-anne,Dupey,jdupey5p@cmu.edu,Female,147.242.15.20
2207,Amerigo,Chartman,achartman5q@usgs.gov,Male,174.218.167.22
2208,Boniface,Meneely,bmeneely5r@nyu.edu,Male,186.254.229.149
2209,Jackie,Farrens,jfarrens5s@typepad.com,Agender,103.255.45.118
2210,Griffy,Dunsmore,gdunsmore5t@networkadvertising.org,Male,8.147.183.33
2211,Gideon,Sheaber,gsheaber5u@tumblr.com,Male,183.187.188.82
2212,Halsey,Elton,helton5v@fastcompany.com,Male,42.210.127.171
2213,Adolph,Gillespie,agillespie5w@arizona.edu,Male,125.47.58.57
2214,Jamill,Geeraert,jgeeraert5x@scribd.com,Male,99.69.239.202
2215,Talia,Saxby,tsaxby5y@joomla.org,Female,15.205.237.86
2216,Lek,Barense,lbarense5z@google.com.br,Male,19.192.101.191
2217,Dianemarie,Scamadine,dscamadine60@google.com.br,Female,39.132.28.187
2218,Laurent,Bugge,lbugge61@ow.ly,Male,48.64.154.219
2219,Margie,Wimbush,mwimbush62@canalblog.com,Female,190.75.254.121
2220,Jacqueline,Klees,jklees63@nba.com,Female,87.117.52.75
2221,Giacobo,Kynman,gkynman64@arizona.edu,Male,125.219.8.102
2222,Gareth,Salerg,gsalerg65@liveinternet.ru,Male,34.85.218.243
2223,Amalle,Larmett,alarmett66@over-blog.com,Polygender,70.108.149.211
2224,Jilli,Spriggen,jspriggen67@biglobe.ne.jp,Female,77.217.133.210
2225,Aloin,Darling,adarling68@wufoo.com,Male,196.41.38.178
2226,Wynne,Stukings,wstukings69@cnn.com,Female,242.47.230.199
2227,Meryl,Maffei,mmaffei6a@slideshare.net,Female,1.166.199.234
2228,Kimmy,Bottomley,kbottomley6b@delicious.com,Female,169.110.110.26
2229,Ludwig,Duckfield,lduckfield6c@narod.ru,Male,99.185.136.20
2230,Humfried,Orrell,horrell6d@moonfruit.com,Male,242.104.227.41
2231,Rickey,Syres,rsyres6e@toplist.cz,Male,231.196.20.49
2232,Modesty,Betje,mbetje6f@economist.com,Female,232.169.153.158
2233,Herman,Goolden,hgoolden6g@bravesites.com,Male,204.185.86.163
2234,Erv,Caven,ecaven6h@whitehouse.gov,Male,207.146.158.94
2235,Gabriele,Beavington,gbeavington6i@arizona.edu,Male,240.94.204.185
2236,Garrot,Cardnell,gcardnell6j@wsj.com,Male,63.25.101.73
2237,Kris,Oakeby,koakeby6k@paginegialle.it,Male,19.233.193.17
2238,Shea,Elman,selman6l@slate.com,Male,78.91.233.62
2239,Artemus,Cesaric,acesaric6m@spiegel.de,Male,203.20.200.28
2240,Lindy,Coatts,lcoatts6n@google.pl,Genderqueer,68.235.214.92
2241,Lou,Janaszewski,ljanaszewski6o@live.com,Female,145.111.36.238
2242,Ursulina,Henstridge,uhenstridge6p@prweb.com,Female,119.234.81.98
2243,Shaina,Coldicott,scoldicott6q@jigsy.com,Female,180.120.27.173
2244,Karoly,Papen,kpapen6r@samsung.com,Female,8.44.22.83
2245,Lyell,Habbin,lhabbin6s@edublogs.org,Male,76.189.144.116
2246,Bale,Temby,btemby6t@furl.net,Male,109.20.154.153
2247,Darrel,Drexel,ddrexel6u@mtv.com,Male,55.96.66.242
2248,Avril,Theunissen,atheunissen6v@multiply.com,Female,48.79.161.19
2249,Sim,Welch,swelch6w@privacy.gov.au,Male,108.162.179.216
2250,Winn,Dureden,wdureden6x@fda.gov,Male,85.3.76.72
2251,Hadleigh,Gilphillan,hgilphillan6y@wired.com,Male,124.253.34.138
2252,Isac,Foro,iforo6z@taobao.com,Male,160.110.38.125
2253,Thedric,Lucken,tlucken70@deviantart.com,Male,15.39.208.176
2254,Allyce,Goalby,agoalby71@intel.com,Female,156.60.30.116
2255,Bank,Koschek,bkoschek72@topsy.com,Male,123.188.248.195
2256,Craggie,Corder,ccorder73@wsj.com,Male,11.15.48.227
2257,Renato,Breedy,rbreedy74@blogs.com,Male,183.113.229.156
2258,Kippar,Conaboy,kconaboy75@washingtonpost.com,Male,173.127.130.119
2259,Jesselyn,Ripper,jripper76@sogou.com,Female,203.135.56.141
2260,Perry,Preston,ppreston77@techcrunch.com,Female,200.245.10.245
2261,Amargo,Kyrkeman,akyrkeman78@ow.ly,Female,249.242.37.216
2262,Ingamar,Felten,ifelten79@blogger.com,Male,178.57.153.189
2263,Claudine,Arundel,carundel7a@forbes.com,Female,169.87.209.25
2264,Mair,Heephy,mheephy7b@twitter.com,Female,238.40.255.154
2265,Bellina,Foggarty,bfoggarty7c@phoca.cz,Female,100.167.237.85
2266,Andrew,Stovell,astovell7d@ucoz.com,Male,40.109.203.54
2267,Marc,Jovasevic,mjovasevic7e@360.cn,Male,63.207.187.185
2268,Chloris,Sawday,csawday7f@ifeng.com,Female,119.185.86.63
2269,Sebastian,Chupin,schupin7g@mac.com,Polygender,102.217.180.219
2270,Beryle,Stode,bstode7h@tmall.com,Female,110.75.70.200
2271,Glen,Mattussevich,gmattussevich7i@about.me,Male,222.159.91.221
2272,Jermain,Pogosian,jpogosian7j@naver.com,Male,79.53.4.107
2273,Karine,Dornin,kdornin7k@earthlink.net,Female,189.19.226.129
2274,Lia,Newlands,lnewlands7l@guardian.co.uk,Female,225.198.193.93
2275,Rolph,Roelvink,rroelvink7m@last.fm,Male,211.123.194.207
2276,Arlan,Bramhill,abramhill7n@pinterest.com,Male,106.244.61.71
2277,Forester,Taborre,ftaborre7o@epa.gov,Male,153.167.174.176
2278,Debbi,Titcom,dtitcom7p@globo.com,Non-binary,146.20.42.126
2279,Pavia,Lewzey,plewzey7q@discovery.com,Female,243.76.69.42
2280,Kenon,Dugget,kdugget7r@usda.gov,Male,104.113.129.215
2281,Ardelia,O'Glessane,aoglessane7s@ameblo.jp,Female,63.79.210.127
2282,Tori,Yankishin,tyankishin7t@bloglines.com,Female,117.129.42.137
2283,Ronald,Keddle,rkeddle7u@fotki.com,Male,164.145.141.189
2284,Nehemiah,Beaumont,nbeaumont7v@skyrock.com,Male,156.167.209.171
2285,Devonna,Devine,ddevine7w@cyberchimps.com,Female,153.246.64.244
2286,Lock,Rembaud,lrembaud7x@pbs.org,Male,26.170.87.65
2287,Reyna,Askwith,raskwith7y@nydailynews.com,Female,21.22.176.147
2288,Sheridan,de Keep,sdekeep7z@about.me,Male,239.235.56.153
2289,Karolina,Brunone,kbrunone80@mysql.com,Female,53.155.111.69
2290,Wesley,Curgenuer,wcurgenuer81@technorati.com,Male,177.149.186.42
2291,Birgitta,MacFadden,bmacfadden82@hugedomains.com,Female,217.84.190.88
2292,Dan,Halahan,dhalahan83@nih.gov,Male,156.19.102.141
2293,Valaree,Heball,vheball84@exblog.jp,Female,206.46.215.5
2294,Stearn,Eirwin,seirwin85@woothemes.com,Male,132.1.6.155
2295,Odelinda,Clay,oclay86@latimes.com,Female,53.102.39.223
2296,Dulcea,Dudleston,ddudleston87@hc360.com,Female,226.99.42.235
2297,Patrica,Van De Cappelle,pvandecappelle88@theatlantic.com,Bigender,152.170.232.15
2298,Mariele,Tacon,mtacon89@twitpic.com,Female,33.128.12.5
2299,Wait,Gallier,wgallier8a@businessinsider.com,Male,224.43.191.104
2300,Jermaine,Peet,jpeet8b@miitbeian.gov.cn,Male,148.229.131.35
2301,Eb,Kidgell,ekidgell8c@gnu.org,Male,136.251.133.29
2302,Anders,Munslow,amunslow8d@ask.com,Male,3.210.2.201
2303,Bay,Jaouen,bjaouen8e@yandex.ru,Male,192.231.202.171
2304,Kathe,Ipsgrave,kipsgrave8f@twitter.com,Female,12.104.201.212
2305,Derwin,Solomonides,dsolomonides8g@nifty.com,Male,68.77.188.222
2306,Stephi,Blakemore,sblakemore8h@ustream.tv,Female,86.255.26.211
2307,Kerry,Milksop,kmilksop8i@cornell.edu,Polygender,155.106.241.123
2308,Quintilla,Issett,qissett8j@shareasale.com,Female,116.249.134.58
2309,Rolph,Pierucci,rpierucci8k@auda.org.au,Male,95.79.255.244
2310,Ginger,Korpolak,gkorpolak8l@tumblr.com,Female,87.181.51.252
2311,Vern,Holt,vholt8m@thetimes.co.uk,Male,34.27.83.37
2312,Elisha,Swannie,eswannie8n@springer.com,Male,142.226.167.8
2313,Reece,Exelby,rexelby8o@canalblog.com,Male,27.38.131.148
2314,Torrin,Davern,tdavern8p@springer.com,Male,69.10.81.108
2315,Edik,Lipmann,elipmann8q@wiley.com,Male,96.117.216.254
2316,Hiram,Neggrini,hneggrini8r@aol.com,Male,233.64.167.34
2317,Nichole,Buddock,nbuddock8s@reuters.com,Male,197.75.143.188
2318,Biddy,Muffen,bmuffen8t@arstechnica.com,Female,195.211.253.52
2319,Darby,Stopp,dstopp8u@spiegel.de,Female,10.167.21.182
2320,Elfie,Kinavan,ekinavan8v@slashdot.org,Female,90.51.90.138
2321,Tatum,Motherwell,tmotherwell8w@chicagotribune.com,Female,207.156.44.246
2322,Walden,Rustadge,wrustadge8x@deviantart.com,Male,247.191.240.180
2323,Ingeborg,Coules,icoules8y@storify.com,Female,88.56.42.99
2324,Kanya,Balwin,kbalwin8z@google.pl,Female,151.191.212.56
2325,Benedick,Panter,bpanter90@princeton.edu,Male,125.147.156.133
2326,Modestia,Valasek,mvalasek91@vkontakte.ru,Female,0.186.89.150
2327,Bernadette,Elen,belen92@photobucket.com,Female,215.235.142.242
2328,Ursuline,Mines,umines93@hugedomains.com,Female,106.122.239.188
2329,Stephanie,Shane,sshane94@harvard.edu,Female,84.112.175.151
2330,Angela,Godsil,agodsil95@slashdot.org,Female,21.192.161.197
2331,Benn,Pinckard,bpinckard96@t.co,Male,87.43.23.196
2332,Haskell,Erdis,herdis97@prlog.org,Male,191.218.28.61
2333,Wynny,Haldane,whaldane98@domainmarket.com,Female,49.209.86.48
2334,Dian,Oswick,doswick99@merriam-webster.com,Female,229.146.101.42
2335,Faber,Schiell,fschiell9a@ezinearticles.com,Male,148.168.148.236
2336,Adey,Phipps,aphipps9b@wikispaces.com,Female,60.2.35.217
2337,Christalle,Ewols,cewols9c@cyberchimps.com,Female,167.131.146.252
2338,Britt,MacCarrane,bmaccarrane9d@wp.com,Male,28.144.105.118
2339,Flori,Pawelski,fpawelski9e@hugedomains.com,Female,217.217.82.118
2340,Ravid,Tangye,rtangye9f@comcast.net,Male,41.213.147.134
2341,Fraser,Eagger,feagger9g@facebook.com,Male,100.45.32.10
2342,Booth,Carnew,bcarnew9h@howstuffworks.com,Polygender,78.175.199.209
2343,Darya,Sibbit,dsibbit9i@sogou.com,Female,3.179.135.89
2344,Esdras,Adanez,eadanez9j@google.com.br,Male,146.186.168.249
2345,Gianni,Heynen,gheynen9k@discovery.com,Agender,135.236.126.88
2346,Denney,Hastler,dhastler9l@nsw.gov.au,Male,146.234.223.189
2347,Udall,Degan,udegan9m@altervista.org,Male,40.158.216.197
2348,Jarad,Coneley,jconeley9n@yale.edu,Male,97.13.162.17
2349,Buck,Biasotti,bbiasotti9o@pcworld.com,Male,213.51.21.47
2350,Pammy,Rickhuss,prickhuss9p@unc.edu,Female,162.174.166.239
2351,Sissie,Karpets,skarpets9q@smh.com.au,Genderfluid,161.92.167.149
2352,Homere,Canham,hcanham9r@google.nl,Male,180.112.53.117
2353,Gavra,Arbuckle,garbuckle9s@microsoft.com,Female,208.195.119.80
2354,Nobie,Turgoose,nturgoose9t@booking.com,Male,89.224.116.53
2355,Jamey,Riccardini,jriccardini9u@goo.ne.jp,Male,171.58.155.13
2356,Jessamyn,Toe,jtoe9v@stanford.edu,Non-binary,2.59.112.204
2357,Christiane,Mardee,cmardee9w@house.gov,Female,71.19.250.40
2358,Jamil,Dine-Hart,jdinehart9x@go.com,Male,107.253.249.45
2359,Burke,Murra,bmurra9y@amazon.de,Male,104.64.161.129
2360,Darius,Stollwerck,dstollwerck9z@joomla.org,Male,30.171.169.74
2361,Armin,Hirjak,ahirjaka0@wikispaces.com,Male,91.222.169.213
2362,Turner,Thorrold,tthorrolda1@bigcartel.com,Male,28.2.22.217
2363,Dominica,Yaus,dyausa2@marriott.com,Female,126.233.24.209
2364,Patton,Mughal,pmughala3@google.co.jp,Male,138.150.200.214
2365,Emanuele,Mayward,emaywarda4@rakuten.co.jp,Male,179.199.161.138
2366,Jonathan,Handling,jhandlinga5@msu.edu,Male,32.2.185.91
2367,Magda,Maxweell,mmaxweella6@miibeian.gov.cn,Female,123.227.0.234
2368,Brandy,Gubbin,bgubbina7@opera.com,Male,36.235.164.190
2369,Cletus,Jannequin,cjannequina8@paginegialle.it,Male,181.147.183.127
2370,Domingo,Purkins,dpurkinsa9@cnn.com,Male,252.241.63.93
2371,Tore,Merrilees,tmerrileesaa@desdev.cn,Agender,200.219.27.178
2372,Dunstan,Mableson,dmablesonab@eventbrite.com,Agender,234.175.228.122
2373,Avigdor,Sampey,asampeyac@seesaa.net,Male,230.184.99.15
2374,Jeramey,Shafier,jshafierad@deviantart.com,Male,223.113.129.131
2375,Mallorie,Willox,mwilloxae@house.gov,Female,17.180.196.248
2376,Smitty,Gasker,sgaskeraf@tamu.edu,Male,42.121.175.214
2377,Kienan,Emer,kemerag@who.int,Male,30.210.162.207
2378,Tallou,Torresi,ttorresiah@jalbum.net,Female,91.76.214.214
2379,Lyssa,Sterndale,lsterndaleai@cbc.ca,Female,131.197.22.48
2380,Lindsey,Deakins,ldeakinsaj@cargocollective.com,Agender,147.216.235.232
2381,Nichol,Mushet,nmushetak@google.co.uk,Female,248.44.117.121
2382,Janka,Faircliffe,jfaircliffeal@dailymotion.com,Female,201.77.150.165
2383,Aleksandr,Brambell,abrambellam@shop-pro.jp,Male,182.136.10.60
2384,Petra,Delgua,pdelguaan@vk.com,Female,12.172.244.109
2385,Jess,Huton,jhutonao@ebay.com,Male,114.135.33.29
2386,Kathe,Dine-Hart,kdinehartap@ihg.com,Female,233.196.142.226
2387,Cassondra,Lindup,clindupaq@prnewswire.com,Female,107.225.218.211
2388,Findley,Bortolini,fbortoliniar@usgs.gov,Male,144.29.94.150
2389,Thorsten,Armiger,tarmigeras@hatena.ne.jp,Male,151.211.136.200
2390,Tome,Greenman,tgreenmanat@yahoo.com,Male,169.207.117.132
2391,Archibald,Dainty,adaintyau@yellowbook.com,Male,248.112.110.10
2392,Tedmund,Worts,twortsav@nih.gov,Male,218.4.95.221
2393,Jeanne,Goodband,jgoodbandaw@tripadvisor.com,Female,198.91.239.187
2394,Shela,Baglan,sbaglanax@go.com,Female,109.79.135.86
2395,Egon,Clericoates,eclericoatesay@paginegialle.it,Male,75.89.136.200
2396,Kristin,Pascho,kpaschoaz@nsw.gov.au,Bigender,208.111.21.46
2397,Nancey,Larsen,nlarsenb0@illinois.edu,Female,126.104.197.172
2398,Abie,Wholesworth,awholesworthb1@unicef.org,Male,173.93.213.71
2399,Boyd,Turnbull,bturnbullb2@google.nl,Male,169.227.130.160
2400,Thor,Raggles,tragglesb3@shop-pro.jp,Male,216.54.148.106
2401,Idell,Boocock,iboocockb4@gizmodo.com,Female,181.244.143.205
2402,Lolly,Brehault,lbrehaultb5@reference.com,Non-binary,129.63.151.251
2403,Elsi,Sicily,esicilyb6@scribd.com,Female,85.170.0.235
2404,Alaine,Harradine,aharradineb7@twitter.com,Female,28.231.210.158
2405,Melisse,Wipper,mwipperb8@state.gov,Female,168.99.25.156
2406,Andriette,Malloch,amallochb9@vimeo.com,Female,204.234.243.46
2407,Maury,Fideler,mfidelerba@nsw.gov.au,Male,237.33.134.249
2408,Noby,Carty,ncartybb@is.gd,Male,14.175.36.36
2409,Chuck,Laurenz,claurenzbc@psu.edu,Male,162.219.203.18
2410,Stephana,Esland,seslandbd@intel.com,Female,42.72.117.237
2411,Maryjane,Shuter,mshuterbe@discovery.com,Female,164.102.243.240
2412,Emilia,Kinghorn,ekinghornbf@columbia.edu,Female,166.132.90.166
2413,Melisa,Chaplyn,mchaplynbg@uiuc.edu,Female,235.55.66.247
2414,Rabi,Massel,rmasselbh@un.org,Male,40.108.124.131
2415,Kirbie,Delete,kdeletebi@ucsd.edu,Female,15.69.92.76
2416,Troy,Goodwins,tgoodwinsbj@soup.io,Male,15.238.54.23
2417,Doralia,Croughan,dcroughanbk@comsenz.com,Female,193.251.123.102
2418,Niven,Arons,naronsbl@ft.com,Male,101.21.132.107
2419,Emmie,Clemmens,eclemmensbm@istockphoto.com,Female,17.244.87.180
2420,Jobey,Chastagnier,jchastagnierbn@miitbeian.gov.cn,Female,196.161.156.119
2421,Tallulah,Brastead,tbrasteadbo@newsvine.com,Female,134.82.158.221
2422,Frankie,Folbig,ffolbigbp@japanpost.jp,Male,15.165.187.67
2423,Allissa,Rosenstengel,arosenstengelbq@com.com,Female,175.183.130.101
2424,Barri,Sueter,bsueterbr@prlog.org,Male,90.141.190.123
2425,Elise,Frift,efriftbs@chron.com,Female,114.245.239.168
2426,Ogden,Goldwater,ogoldwaterbt@vkontakte.ru,Male,64.122.21.24
2427,Wallas,Morten,wmortenbu@aboutads.info,Male,210.118.191.0
2428,Ellynn,Knevit,eknevitbv@alibaba.com,Female,33.1.234.227
2429,Rustin,Thying,rthyingbw@webmd.com,Male,110.250.221.101
2430,Gale,Blincko,gblinckobx@nature.com,Non-binary,148.228.3.49
2431,Jerrilyn,Padilla,jpadillaby@mediafire.com,Female,120.216.165.93
2432,Alexine,Scrafton,ascraftonbz@cam.ac.uk,Female,168.249.233.102
2433,Felipe,Ramey,frameyc0@google.cn,Male,157.5.128.8
2434,Demetris,Elizabeth,delizabethc1@i2i.jp,Male,31.53.162.211
2435,Hewet,O'Corren,hocorrenc2@sakura.ne.jp,Male,83.223.200.141
2436,Mort,Gwyllt,mgwylltc3@prweb.com,Male,229.118.152.224
2437,Orville,Gillaspy,ogillaspyc4@linkedin.com,Male,134.19.239.54
2438,Wilek,Rishworth,wrishworthc5@163.com,Male,228.89.109.124
2439,Kathlin,Palfreeman,kpalfreemanc6@nih.gov,Female,131.226.73.204
2440,Gene,Heinecke,gheineckec7@storify.com,Male,18.215.123.124
2441,Lonnard,Bonniface,lbonnifacec8@fema.gov,Male,139.169.90.173
2442,Ada,Edgson,aedgsonc9@hexun.com,Female,0.16.127.171
2443,Bonnie,Nairne,bnairneca@virginia.edu,Female,245.62.245.233
2444,Sue,Minall,sminallcb@bing.com,Female,21.41.42.225
2445,Zorana,Catonnet,zcatonnetcc@posterous.com,Female,209.64.148.198
2446,Jo,Combe,jcombecd@theglobeandmail.com,Male,168.90.250.0
2447,Devy,Flewan,dflewance@unc.edu,Male,186.3.113.36
2448,Timmie,Skea,tskeacf@answers.com,Male,232.205.226.95
2449,Silvain,Bebbell,sbebbellcg@yale.edu,Male,71.75.133.81
2450,Courtnay,Saggers,csaggersch@utexas.edu,Female,249.148.235.14
2451,Skip,Awmack,sawmackci@g.co,Male,206.198.223.20
2452,Erik,Whibley,ewhibleycj@devhub.com,Male,210.92.164.176
2453,Bengt,Yitzhok,byitzhokck@sun.com,Male,121.170.81.15
2454,Shelley,Flannery,sflannerycl@mapy.cz,Male,138.42.219.161
2455,Saundra,Berthomieu,sberthomieucm@stanford.edu,Male,221.81.16.50
2456,Kimball,Beminster,kbeminstercn@addtoany.com,Male,237.16.96.100
2457,Carol,Jann,cjannco@a8.net,Female,139.33.97.74
2458,Clarke,Junes,cjunescp@diigo.com,Male,189.145.50.58
2459,Ros,Joiris,rjoiriscq@infoseek.co.jp,Female,45.206.23.190
2460,Pietro,Ralling,prallingcr@livejournal.com,Male,211.94.160.177
2461,Augustine,Margiotta,amargiottacs@columbia.edu,Female,218.175.73.74
2462,Jaime,Hugonin,jhugoninct@msn.com,Male,63.157.96.5
2463,Stanfield,Vittle,svittlecu@fda.gov,Polygender,180.93.9.36
2464,Phyllis,Brecknall,pbrecknallcv@dedecms.com,Female,59.194.99.183
2465,Curran,Winchcum,cwinchcumcw@nsw.gov.au,Male,232.254.217.171
2466,Dermot,Lynd,dlyndcx@merriam-webster.com,Male,240.121.33.58
2467,Madelin,Baitson,mbaitsoncy@goodreads.com,Female,137.177.132.84
2468,Peder,Wailes,pwailescz@berkeley.edu,Male,252.99.206.74
2469,Carlita,Breslane,cbreslaned0@1und1.de,Female,232.9.59.117
2470,Alexander,Cottrill,acottrilld1@shutterfly.com,Male,157.159.205.80
2471,Darcie,Cristofvao,dcristofvaod2@simplemachines.org,Genderqueer,240.156.151.81
2472,Rikki,Punchard,rpunchardd3@rambler.ru,Female,157.156.178.124
2473,Jarred,Emmanuel,jemmanueld4@imdb.com,Male,235.250.137.23
2474,Lynda,Colmer,lcolmerd5@patch.com,Female,154.129.181.210
2475,Fara,Hegg,fheggd6@prweb.com,Female,112.246.224.40
2476,Lida,Hopkins,lhopkinsd7@slate.com,Female,221.110.133.109
2477,Vidovic,Manwaring,vmanwaringd8@illinois.edu,Male,252.178.78.200
2478,Euell,Endean,eendeand9@ezinearticles.com,Male,251.111.27.109
2479,Johnnie,Donaway,jdonawayda@exblog.jp,Male,159.186.228.160
2480,Gae,Gian,ggiandb@youtu.be,Female,21.85.68.229
2481,Chickie,Coffin,ccoffindc@baidu.com,Genderfluid,122.126.74.33
2482,Paco,Wisham,pwishamdd@creativecommons.org,Male,78.39.65.185
2483,Ed,Treece,etreecede@samsung.com,Male,15.7.251.136
2484,Orelie,Crow,ocrowdf@multiply.com,Female,144.7.110.168
2485,Valaree,Penreth,vpenrethdg@mozilla.org,Female,213.51.124.69
2486,Fonz,Deroche,fderochedh@wikia.com,Male,151.52.153.248
2487,Astra,Byrde,abyrdedi@pen.io,Female,3.226.6.4
2488,Jacobo,Wheatland,jwheatlanddj@umich.edu,Male,78.237.177.28
2489,Melanie,Sprigings,msprigingsdk@quantcast.com,Female,201.34.150.37
2490,Hilario,Longstaffe,hlongstaffedl@xinhuanet.com,Male,21.195.116.152
2491,Saba,Thurman,sthurmandm@ustream.tv,Female,126.90.227.79
2492,Thadeus,Attwoul,tattwouldn@cyberchimps.com,Male,88.102.113.96
2493,Coralie,Roden,crodendo@cafepress.com,Female,35.69.250.127
2494,Ingamar,Frampton,iframptondp@shinystat.com,Male,212.174.60.146
2495,Mirabel,Grissett,mgrissettdq@salon.com,Female,65.241.250.118
2496,Sheelagh,Kobes,skobesdr@loc.gov,Female,63.216.103.230
2497,Marie-jeanne,Goggey,mgoggeyds@ocn.ne.jp,Female,31.242.182.161
2498,Romonda,Shelsher,rshelsherdt@guardian.co.uk,Female,133.27.71.94
2499,Elysia,Adamowitz,eadamowitzdu@dell.com,Female,20.215.139.65
2500,Emalee,Healeas,ehealeasdv@psu.edu,Female,50.250.15.17
2501,Clarette,Underwood,cunderwooddw@usa.gov,Female,213.218.253.246
2502,Augusto,Gooderidge,agooderidgedx@discuz.net,Male,202.22.182.142
2503,Morgen,Ortas,mortasdy@prlog.org,Male,72.98.64.35
2504,Teador,Titchard,ttitcharddz@fotki.com,Male,117.142.184.200
2505,Allis,Hyder,ahydere0@irs.gov,Female,175.183.231.8
2506,Oren,Cobelli,ocobellie1@wufoo.com,Male,173.169.249.44
2507,Richart,Frankum,rfrankume2@plala.or.jp,Non-binary,195.94.254.108
2508,Osmond,Minchin,ominchine3@wix.com,Male,157.141.57.13
2509,Frasco,Busher,fbushere4@archive.org,Male,134.115.33.211
2510,Mick,Coddington,mcoddingtone5@virginia.edu,Male,246.149.72.38
2511,Nevin,Bowne,nbownee6@usnews.com,Male,218.195.123.57
2512,Gannon,Chieze,gchiezee7@phoca.cz,Male,209.17.46.13
2513,Karissa,Wrixon,kwrixone8@jiathis.com,Female,32.120.4.78
2514,Royce,Sinkins,rsinkinse9@multiply.com,Male,24.56.156.28
2515,Jackie,Seegar,jseegarea@ameblo.jp,Female,222.244.154.178
2516,Odetta,Allanson,oallansoneb@prweb.com,Female,250.81.220.81
2517,Vasilis,Aiers,vaiersec@java.com,Male,127.74.9.62
2518,Sylas,Gohier,sgohiered@canalblog.com,Male,42.155.15.122
2519,Ruth,Loxley,rloxleyee@ovh.net,Female,172.74.118.107
2520,Peder,De Beneditti,pdebenedittief@whitehouse.gov,Male,16.224.229.180
2521,Penny,Creeboe,pcreeboeeg@google.cn,Female,177.99.138.227
2522,Stoddard,Waywell,swaywelleh@phoca.cz,Female,32.8.227.123
2523,Dido,Lown,dlownei@usgs.gov,Female,74.248.108.189
2524,Christiana,Gheerhaert,cgheerhaertej@fc2.com,Female,172.219.4.238
2525,Abigael,Whitter,awhitterek@last.fm,Bigender,138.212.102.72
2526,Trula,Lilion,tlilionel@list-manage.com,Female,32.231.58.21
2527,Corey,Ranyelld,cranyelldem@yahoo.com,Female,30.255.169.120
2528,Erhart,Marjoram,emarjoramen@craigslist.org,Male,128.150.147.139
2529,Anjanette,Cottam,acottameo@hhs.gov,Female,131.183.216.133
2530,Gonzalo,O'Halligan,gohalliganep@ebay.com,Male,214.8.101.29
2531,Tedda,Giorgio,tgiorgioeq@yale.edu,Female,99.65.43.227
2532,Gallagher,Woolfitt,gwoolfitter@eepurl.com,Male,1.75.102.171
2533,Eleonora,Bampkin,ebampkines@tinyurl.com,Female,117.24.176.71
2534,Gerardo,O'Hollegan,goholleganet@shutterfly.com,Male,211.180.157.197
2535,Genni,Ellicott,gellicotteu@unesco.org,Female,113.225.132.25
2536,Josepha,Standish,jstandishev@merriam-webster.com,Female,93.234.252.249
2537,Siegfried,Favelle,sfavelleew@usatoday.com,Male,174.64.222.177
2538,Veronika,O'Flynn,voflynnex@wordpress.com,Female,134.169.91.92
2539,Camila,Dowsing,cdowsingey@examiner.com,Female,14.85.6.250
2540,Windy,Bellanger,wbellangerez@stanford.edu,Female,81.146.140.228
2541,Alla,McCoid,amccoidf0@techcrunch.com,Female,119.25.84.160
2542,Gaston,Divver,gdivverf1@sakura.ne.jp,Male,203.18.221.109
2543,Isidoro,Binnes,ibinnesf2@mysql.com,Male,238.100.243.155
2544,Charlot,Boij,cboijf3@ow.ly,Female,94.160.105.59
2545,Enrique,Rammell,erammellf4@netvibes.com,Bigender,33.155.7.196
2546,Aloysia,Tute,atutef5@taobao.com,Female,154.106.118.249
2547,Nana,Jencken,njenckenf6@imageshack.us,Female,58.36.83.228
2548,Linus,Maidens,lmaidensf7@furl.net,Male,166.105.231.200
2549,Tremain,Simioni,tsimionif8@msu.edu,Male,225.253.243.154
2550,Jannel,Boar,jboarf9@xing.com,Female,121.0.35.17
2551,Sumner,Domoney,sdomoneyfa@home.pl,Male,132.128.55.39
2552,Joanne,Emanueli,jemanuelifb@amazon.co.uk,Female,40.30.10.70
2553,Cullie,Fairham,cfairhamfc@tripadvisor.com,Male,113.56.164.232
2554,Jan,Urwen,jurwenfd@technorati.com,Female,99.154.27.188
2555,Holden,Struss,hstrussfe@accuweather.com,Male,133.155.55.8
2556,Florinda,Furmagier,ffurmagierff@mac.com,Female,204.215.172.190
2557,Tirrell,Crosskill,tcrosskillfg@over-blog.com,Genderfluid,252.93.85.207
2558,Joye,Bedberry,jbedberryfh@imgur.com,Female,34.129.44.79
2559,Maje,Antao,mantaofi@bing.com,Male,216.128.150.36
2560,Leonie,Gulleford,lgullefordfj@sogou.com,Female,26.19.239.2
2561,Colan,Gayton,cgaytonfk@squarespace.com,Male,113.63.51.10
2562,Minnnie,Lindenberg,mlindenbergfl@about.com,Non-binary,29.19.134.61
2563,Christophorus,Orlton,corltonfm@amazon.de,Male,64.17.187.241
2564,Marlo,Pollastrone,mpollastronefn@ftc.gov,Male,205.120.136.91
2565,Rock,Hayman,rhaymanfo@wp.com,Male,241.139.176.63
2566,Augie,Annand,aannandfp@wisc.edu,Male,67.173.18.118
2567,Lynnell,Treasaden,ltreasadenfq@sciencedirect.com,Female,155.26.16.67
2568,Donella,Goare,dgoarefr@economist.com,Female,251.64.14.172
2569,Hakeem,Zanneli,hzannelifs@examiner.com,Male,218.73.167.233
2570,Manya,Lafontaine,mlafontaineft@state.tx.us,Female,110.247.106.62
2571,Garry,Frake,gfrakefu@dyndns.org,Male,232.44.1.76
2572,Trixi,Beven,tbevenfv@slashdot.org,Female,10.54.131.105
2573,Marlee,Kittow,mkittowfw@so-net.ne.jp,Female,249.187.85.235
2574,Meta,Oaks,moaksfx@mayoclinic.com,Female,200.207.88.77
2575,Brittni,Foxwell,bfoxwellfy@delicious.com,Female,52.29.237.82
2576,Knox,Salleir,ksalleirfz@unblog.fr,Male,246.137.163.173
2577,Bobbye,Pavlishchev,bpavlishchevg0@japanpost.jp,Non-binary,119.146.221.50
2578,Faber,Terbeek,fterbeekg1@businessinsider.com,Male,60.151.204.55
2579,Sunny,Mabbs,smabbsg2@gizmodo.com,Female,145.219.226.144
2580,Lura,Bavin,lbaving3@dagondesign.com,Bigender,241.166.232.128
2581,Markos,Ganderton,mgandertong4@ycombinator.com,Male,109.7.33.220
2582,Gayel,Farlow,gfarlowg5@craigslist.org,Female,254.9.136.6
2583,Elita,Heindl,eheindlg6@elegantthemes.com,Female,220.24.19.37
2584,Chan,Kelner,ckelnerg7@pbs.org,Male,44.235.136.2
2585,Delbert,Gilyott,dgilyottg8@amazon.com,Male,252.186.157.199
2586,Thaddeus,Beacon,tbeacong9@mtv.com,Male,188.172.100.165
2587,Shandeigh,Messingham,smessinghamga@google.it,Female,27.201.243.205
2588,Hewitt,Drogan,hdrogangb@wix.com,Male,115.252.160.50
2589,Marietta,Sowthcote,msowthcotegc@cnet.com,Female,164.68.40.218
2590,Thedric,Dudney,tdudneygd@moonfruit.com,Male,206.229.65.46
2591,Audrye,Ruusa,aruusage@who.int,Female,248.6.123.23
2592,Dody,Body,dbodygf@drupal.org,Female,254.119.69.224
2593,Francois,Angrock,fangrockgg@wiley.com,Male,224.72.198.180
2594,Wanids,Ferbrache,wferbrachegh@theguardian.com,Female,0.149.58.6
2595,Hew,Cosstick,hcosstickgi@simplemachines.org,Male,121.225.84.60
2596,Cherise,Iron,cirongj@time.com,Genderqueer,148.195.211.11
2597,Rickert,Seller,rsellergk@free.fr,Male,64.86.225.11
2598,Mattheus,Marryatt,mmarryattgl@psu.edu,Non-binary,118.229.116.185
2599,Gav,Keniwell,gkeniwellgm@jigsy.com,Male,195.164.49.108
2600,Giffard,Merrill,gmerrillgn@gov.uk,Male,162.168.134.137
2601,Verne,Curling,vcurlinggo@boston.com,Genderfluid,4.23.193.106
2602,Alvira,Baelde,abaeldegp@chicagotribune.com,Female,152.92.68.186
2603,Thomasa,McCreath,tmccreathgq@123-reg.co.uk,Female,68.147.24.150
2604,Dexter,Meach,dmeachgr@kickstarter.com,Male,38.245.124.187
2605,Ryon,Louden,rloudengs@adobe.com,Male,54.163.84.41
2606,Sawyer,Skellion,sskelliongt@trellian.com,Male,210.235.84.144
2607,Noemi,Portress,nportressgu@accuweather.com,Female,34.247.138.171
2608,Olivie,Ferrao,oferraogv@google.pl,Polygender,90.133.179.135
2609,Malinde,Celiz,mcelizgw@ehow.com,Female,126.122.27.72
2610,Oswald,Wiersma,owiersmagx@altervista.org,Male,139.96.142.32
2611,Ronny,Ledwitch,rledwitchgy@list-manage.com,Female,32.104.36.70
2612,Benjy,Tudgay,btudgaygz@printfriendly.com,Male,68.43.77.162
2613,Lindy,Temperley,ltemperleyh0@guardian.co.uk,Male,110.157.240.4
2614,Kat,Rillatt,krillatth1@cbslocal.com,Female,187.102.47.173
2615,Roland,Caselli,rcasellih2@addtoany.com,Male,205.67.141.248
2616,Ingelbert,Di Maggio,idimaggioh3@huffingtonpost.com,Male,88.178.249.132
2617,Yorke,Griggs,ygriggsh4@gov.uk,Male,54.92.216.41
2618,Beatriz,Rosenbush,brosenbushh5@kickstarter.com,Female,40.43.174.142
2619,Lutero,Hornbuckle,lhornbuckleh6@irs.gov,Male,120.187.29.255
2620,Cletis,Vink,cvinkh7@nhs.uk,Male,197.42.10.169
2621,Maia,Durran,mdurranh8@deliciousdays.com,Female,123.183.168.38
2622,Olympia,Durtnal,odurtnalh9@surveymonkey.com,Female,233.70.81.192
2623,Lynnet,Tanton,ltantonha@youtube.com,Female,213.181.58.231
2624,Shandeigh,Routhorn,srouthornhb@tmall.com,Female,82.128.207.49
2625,Kessia,Bonin,kboninhc@zimbio.com,Female,14.54.55.242
2626,Alex,Ambrogiotti,aambrogiottihd@slideshare.net,Male,20.58.1.239
2627,Rancell,Cradick,rcradickhe@multiply.com,Male,243.184.251.159
2628,Tiffy,Bengtsson,tbengtssonhf@sbwire.com,Female,160.63.143.234
2629,Cobby,Sears,csearshg@ted.com,Male,201.237.101.238
2630,Petra,Maron,pmaronhh@sfgate.com,Female,153.113.234.208
2631,Ralina,Hutcheon,rhutcheonhi@answers.com,Female,253.72.42.97
2632,Florenza,Kort,fkorthj@google.es,Female,218.229.145.84
2633,Ringo,Davydenko,rdavydenkohk@telegraph.co.uk,Male,15.101.51.155
2634,Emiline,Speere,espeerehl@reddit.com,Female,219.56.150.3
2635,Quintin,Hensmans,qhensmanshm@elegantthemes.com,Male,192.89.180.180
2636,Niel,Slopier,nslopierhn@washingtonpost.com,Male,221.245.227.4
2637,Zaccaria,Kalkofer,zkalkoferho@webmd.com,Male,117.185.41.202
2638,Doralynne,Pitblado,dpitbladohp@taobao.com,Female,250.41.161.194
2639,Eugenie,Wadie,ewadiehq@ca.gov,Female,159.73.254.205
2640,Horatia,Leving,hlevinghr@usatoday.com,Female,9.184.179.140
2641,Imojean,Proback,iprobackhs@gnu.org,Female,192.181.244.55
2642,Vilhelmina,Skeleton,vskeletonht@latimes.com,Female,48.59.182.222
2643,Meaghan,Abramow,mabramowhu@dell.com,Female,51.248.99.38
2644,Bent,Bruck,bbruckhv@blinklist.com,Male,5.181.114.170
2645,Dale,Chesswas,dchesswashw@opensource.org,Male,79.206.237.26
2646,Redd,Mcmanaman,rmcmanamanhx@123-reg.co.uk,Male,157.188.213.196
2647,Tabbie,Beach,tbeachhy@rakuten.co.jp,Male,253.143.133.16
2648,Dalston,Micheau,dmicheauhz@europa.eu,Agender,100.39.143.59
2649,Kory,Fairs,kfairsi0@addthis.com,Male,123.144.152.111
2650,Pate,Collcott,pcollcotti1@wiley.com,Male,85.59.152.154
2651,Thedric,Laven,tlaveni2@technorati.com,Male,26.228.126.217
2652,Innis,Wonter,iwonteri3@redcross.org,Male,83.142.220.229
2653,Anderson,Ward,awardi4@yelp.com,Genderfluid,159.72.202.121
2654,Karin,Lesper,klesperi5@fda.gov,Female,242.43.99.41
2655,Rozelle,Fieller,rfielleri6@unesco.org,Female,166.39.210.60
2656,Astra,Godfery,agodferyi7@illinois.edu,Female,202.14.134.245
2657,Margarette,Dalliston,mdallistoni8@people.com.cn,Female,122.22.108.30
2658,Jaclin,Dannel,jdanneli9@prlog.org,Female,38.225.136.214
2659,Jaimie,Loynton,jloyntonia@chicagotribune.com,Male,40.80.246.199
2660,Shelbi,Muck,smuckib@smh.com.au,Female,255.229.61.9
2661,Floria,Beaston,fbeastonic@shinystat.com,Female,120.60.27.34
2662,Clint,Foan,cfoanid@abc.net.au,Male,214.254.166.77
2663,Tomasine,Lindegard,tlindegardie@odnoklassniki.ru,Female,11.69.110.103
2664,Carmelia,Burdytt,cburdyttif@ox.ac.uk,Female,164.233.29.207
2665,Lucian,Erington,leringtonig@reverbnation.com,Male,81.188.153.61
2666,Raimund,Lyte,rlyteih@china.com.cn,Male,203.235.185.20
2667,Daisy,Whitlaw,dwhitlawii@adobe.com,Female,34.31.63.187
2668,Nikki,Sargison,nsargisonij@google.cn,Male,138.189.171.164
2669,Glenine,Vittet,gvittetik@tumblr.com,Female,178.225.201.28
2670,Leilah,Dunsire,ldunsireil@boston.com,Female,196.213.224.159
2671,Hilary,Bygraves,hbygravesim@toplist.cz,Female,244.188.66.126
2672,Kamillah,Nodes,knodesin@blogger.com,Female,233.7.76.91
2673,Cherrita,Cominoli,ccominoliio@ebay.co.uk,Female,40.123.161.132
2674,Wylie,Pittford,wpittfordip@usatoday.com,Male,134.226.84.67
2675,Jerome,Buxcey,jbuxceyiq@youtu.be,Male,182.150.152.8
2676,Gerianne,Symson,gsymsonir@whitehouse.gov,Female,144.56.220.148
2677,Nataline,Eassom,neassomis@gravatar.com,Female,240.35.98.216
2678,Rab,Puddicombe,rpuddicombeit@yahoo.com,Male,206.219.56.102
2679,Drusi,Botler,dbotleriu@google.nl,Female,208.184.72.24
2680,Barr,Gregolin,bgregoliniv@ezinearticles.com,Male,220.69.167.48
2681,Phillipp,Matys,pmatysiw@tamu.edu,Male,132.238.29.189
2682,Maddalena,McLoney,mmcloneyix@csmonitor.com,Female,38.186.92.75
2683,Natka,Bertouloume,nbertouloumeiy@cloudflare.com,Female,25.117.142.15
2684,Maire,McArley,mmcarleyiz@ihg.com,Female,142.40.82.172
2685,Elinore,Alenichev,ealenichevj0@nsw.gov.au,Female,65.154.170.178
2686,Kayla,Hebble,khebblej1@state.gov,Female,62.7.214.34
2687,Katlin,Vanyashin,kvanyashinj2@qq.com,Female,246.26.11.63
2688,Janet,Stanlock,jstanlockj3@apache.org,Female,33.158.69.248
2689,Frans,Duddy,fduddyj4@mozilla.com,Male,66.140.172.103
2690,Nicoline,Prangley,nprangleyj5@umich.edu,Female,76.183.79.64
2691,Desirae,Scocroft,dscocroftj6@edublogs.org,Female,110.85.105.106
2692,Kirsten,Kraut,kkrautj7@answers.com,Female,205.235.117.156
2693,Silvio,Harry,sharryj8@washingtonpost.com,Male,33.112.169.162
2694,Fayth,Peyro,fpeyroj9@zimbio.com,Agender,50.255.166.169
2695,Anitra,Pautot,apautotja@cocolog-nifty.com,Bigender,152.189.86.94
2696,Yetty,Conre,yconrejb@state.gov,Female,51.161.109.224
2697,Tobit,Demke,tdemkejc@wikimedia.org,Male,143.156.90.21
2698,Noella,Orcott,norcottjd@mit.edu,Female,181.72.72.167
2699,Collete,Brose,cbroseje@geocities.jp,Genderqueer,205.59.131.104
2700,Alli,Kegg,akeggjf@posterous.com,Female,80.23.245.177
2701,Lynn,Overstreet,loverstreetjg@archive.org,Agender,181.107.162.129
2702,Miriam,Stooders,mstoodersjh@desdev.cn,Female,19.54.212.212
2703,Carlynn,Rediers,crediersji@nature.com,Female,253.5.11.130
2704,Isabel,Leirmonth,ileirmonthjj@samsung.com,Female,165.93.52.216
2705,Samantha,Whapple,swhapplejk@meetup.com,Female,234.43.143.159
2706,Antonie,Pennone,apennonejl@google.com.au,Non-binary,136.120.125.34
2707,Rasia,Kubyszek,rkubyszekjm@accuweather.com,Female,72.118.130.87
2708,Rosaleen,Fidock,rfidockjn@geocities.jp,Genderqueer,22.232.100.144
2709,Wadsworth,Wooddisse,wwooddissejo@digg.com,Male,235.128.125.48
2710,Budd,Palluschek,bpalluschekjp@spotify.com,Male,89.5.145.217
2711,Woodrow,Mellem,wmellemjq@angelfire.com,Male,140.202.17.84
2712,Sargent,Bampkin,sbampkinjr@canalblog.com,Male,232.196.18.115
2713,Kettie,Abreheart,kabreheartjs@google.com.au,Female,242.218.186.115
2714,Pearce,Tschursch,ptschurschjt@deliciousdays.com,Male,180.101.43.190
2715,Lucia,Crocetto,lcrocettoju@bbc.co.uk,Female,191.135.114.77
2716,Obidiah,Bockin,obockinjv@apache.org,Agender,205.6.255.217
2717,Kermie,Cheeney,kcheeneyjw@hhs.gov,Male,57.161.198.11
2718,Cosmo,Lukianov,clukianovjx@ucoz.com,Male,0.28.85.84
2719,Deborah,Inglish,dinglishjy@cisco.com,Female,22.3.183.110
2720,Melinda,Lacroix,mlacroixjz@aboutads.info,Female,243.51.111.133
2721,Theo,Rix,trixk0@godaddy.com,Bigender,7.137.219.152
2722,Sara,Fredy,sfredyk1@meetup.com,Female,221.242.16.106
2723,Tobias,Nason,tnasonk2@nymag.com,Male,242.137.0.44
2724,Luise,Ayris,layrisk3@goo.ne.jp,Female,27.57.228.158
2725,Geno,Blaney,gblaneyk4@edublogs.org,Male,40.96.255.175
2726,Obadiah,Ollet,oolletk5@tinyurl.com,Male,112.217.126.215
2727,Aleta,Brewse,abrewsek6@wsj.com,Female,26.205.236.2
2728,Deina,Vidgeon,dvidgeonk7@mtv.com,Female,22.200.71.102
2729,Pascale,Storrier,pstorrierk8@ustream.tv,Male,159.164.14.122
2730,Correy,Woodnutt,cwoodnuttk9@tripod.com,Genderfluid,66.24.246.207
2731,Theodore,McPeck,tmcpeckka@princeton.edu,Male,112.28.156.203
2732,Amitie,Cardon,acardonkb@webeden.co.uk,Female,26.15.54.43
2733,Holly-anne,Devin,hdevinkc@latimes.com,Agender,90.19.182.122
2734,Geneva,Rapsey,grapseykd@github.com,Female,16.219.112.76
2735,Clementia,Pettyfar,cpettyfarke@gravatar.com,Female,188.211.94.190
2736,Elwyn,Fitzroy,efitzroykf@mail.ru,Male,43.156.218.67
2737,Kelbee,Guillain,kguillainkg@so-net.ne.jp,Male,107.175.57.50
2738,Tobin,Brimming,tbrimmingkh@prlog.org,Male,172.141.172.206
2739,Chloris,Blackesland,cblackeslandki@deviantart.com,Female,213.45.53.139
2740,Drucill,Pettendrich,dpettendrichkj@nytimes.com,Female,171.157.0.123
2741,Forbes,Macieja,fmaciejakk@china.com.cn,Male,111.140.87.173
2742,Wilie,De Bruijne,wdebruijnekl@4shared.com,Female,56.6.82.42
2743,Marys,Jossum,mjossumkm@smh.com.au,Female,231.169.45.85
2744,Colene,Galton,cgaltonkn@sitemeter.com,Genderfluid,123.197.145.163
2745,Nicol,Pimerick,npimerickko@tinyurl.com,Female,206.52.255.206
2746,Arne,Rosettini,arosettinikp@smugmug.com,Male,0.36.14.205
2747,Ignacius,Wyllcocks,iwyllcockskq@businessweek.com,Male,33.101.19.173
2748,Hildegaard,Maloney,hmaloneykr@columbia.edu,Female,185.254.182.33
2749,Brenna,Bickerdyke,bbickerdykeks@oakley.com,Female,227.239.249.155
2750,Horten,Reagan,hreagankt@geocities.com,Male,252.154.221.81
2751,Federica,Timmens,ftimmensku@wikimedia.org,Female,70.3.68.25
2752,Joane,Bugden,jbugdenkv@nationalgeographic.com,Female,53.66.107.110
2753,Sigmund,Acedo,sacedokw@tiny.cc,Non-binary,158.200.225.128
2754,Micheil,Manuello,mmanuellokx@theatlantic.com,Male,220.142.187.73
2755,Merola,Cornilleau,mcornilleauky@aboutads.info,Female,146.204.159.43
2756,Karole,Leftwich,kleftwichkz@wufoo.com,Female,178.14.12.77
2757,Mortimer,Locarno,mlocarnol0@linkedin.com,Non-binary,254.153.143.229
2758,Mureil,Rubinfajn,mrubinfajnl1@blogspot.com,Female,209.42.196.109
2759,Robinson,Wasmer,rwasmerl2@umn.edu,Male,39.189.248.44
2760,Adorne,Collins,acollinsl3@soundcloud.com,Female,91.107.155.225
2761,Eugene,Anster,eansterl4@berkeley.edu,Male,97.37.5.85
2762,Anita,Jersh,ajershl5@bluehost.com,Polygender,248.205.71.133
2763,Wash,Laite,wlaitel6@parallels.com,Male,39.65.234.4
2764,Leif,Lindley,llindleyl7@bloglovin.com,Male,67.99.45.21
2765,Roda,Papworth,rpapworthl8@delicious.com,Female,188.217.30.239
2766,Giacopo,Ishchenko,gishchenkol9@github.com,Male,147.184.169.29
2767,Melesa,Waight,mwaightla@oracle.com,Female,184.193.11.166
2768,Chase,Kennealy,ckennealylb@auda.org.au,Male,195.7.16.173
2769,Andy,O'dell,aodelllc@wp.com,Female,243.154.120.18
2770,Emmerich,Moreton,emoretonld@opensource.org,Male,207.142.122.103
2771,Nikita,Tinwell,ntinwellle@g.co,Male,230.179.85.75
2772,Mariele,Dael,mdaellf@ifeng.com,Female,21.112.199.93
2773,Nickie,Boc,nboclg@cpanel.net,Female,125.24.215.118
2774,Bernadina,Darbyshire,bdarbyshirelh@mtv.com,Female,220.85.103.248
2775,Netty,Placidi,nplacidili@npr.org,Female,168.84.4.82
2776,Noble,Willowby,nwillowbylj@eventbrite.com,Male,156.200.93.196
2777,Eduardo,Danbye,edanbyelk@google.co.uk,Male,235.71.159.24
2778,Guenevere,Ritzman,gritzmanll@a8.net,Female,143.179.141.216
2779,Morna,Rabat,mrabatlm@tinypic.com,Female,166.236.162.127
2780,Kippie,Mcasparan,kmcasparanln@360.cn,Female,75.143.118.79
2781,Dian,Witchard,dwitchardlo@histats.com,Female,48.100.44.202
2782,Carmel,Sackey,csackeylp@berkeley.edu,Female,48.251.99.122
2783,Tuck,Gravells,tgravellslq@alibaba.com,Male,6.238.25.118
2784,Gian,Pemberton,gpembertonlr@latimes.com,Male,152.49.156.0
2785,Janith,Casolla,jcasollals@wunderground.com,Female,10.160.54.236
2786,Emiline,Doge,edogelt@hc360.com,Female,199.35.102.254
2787,Emmet,Scotchmur,escotchmurlu@shop-pro.jp,Male,33.249.72.54
2788,Rudie,Higgoe,rhiggoelv@abc.net.au,Male,66.53.164.158
2789,Cheslie,Timblett,ctimblettlw@lulu.com,Female,96.133.18.34
2790,Thain,Ferrea,tferrealx@biblegateway.com,Male,115.165.250.193
2791,Kitti,Dupoy,kdupoyly@bandcamp.com,Female,154.133.172.132
2792,Heddie,Perrin,hperrinlz@360.cn,Female,79.34.220.31
2793,Moises,Fullerton,mfullertonm0@irs.gov,Male,233.91.130.192
2794,Elaine,Mulhall,emulhallm1@homestead.com,Female,246.88.35.24
2795,Dori,Lisett,dlisettm2@state.gov,Female,202.99.250.87
2796,Nyssa,Tilston,ntilstonm3@google.es,Female,71.18.214.110
2797,Chastity,De Goey,cdegoeym4@jigsy.com,Female,61.192.99.168
2798,Stanfield,Steptowe,ssteptowem5@timesonline.co.uk,Bigender,73.147.98.40
2799,Neile,Leger,nlegerm6@sphinn.com,Female,109.49.53.15
2800,Kassandra,Moffett,kmoffettm7@japanpost.jp,Female,162.92.169.211
2801,Carolina,Wellfare,cwellfarem8@google.it,Female,142.181.76.225
2802,Oliver,Rooke,orookem9@mysql.com,Male,129.176.211.77
2803,Bernarr,Riccardi,briccardima@mtv.com,Male,96.104.77.218
2804,Babita,Hartigan,bhartiganmb@wunderground.com,Female,83.6.66.75
2805,Khalil,Bates,kbatesmc@unesco.org,Male,247.174.22.77
2806,Cynde,Tales,ctalesmd@simplemachines.org,Female,217.97.143.200
2807,Daryl,Izkoveski,dizkoveskime@list-manage.com,Male,188.158.196.39
2808,Eddie,Varden,evardenmf@acquirethisname.com,Male,234.135.216.48
2809,Rafaellle,de Courcy,rdecourcymg@booking.com,Polygender,141.217.245.212
2810,Hasty,Lishman,hlishmanmh@pen.io,Male,167.89.169.77
2811,Dede,Sellek,dsellekmi@china.com.cn,Genderfluid,48.120.208.149
2812,Torrence,Durrad,tdurradmj@cyberchimps.com,Male,149.103.125.80
2813,Peadar,Collisson,pcollissonmk@dmoz.org,Male,148.113.86.90
2814,Celie,Logg,cloggml@parallels.com,Female,13.11.117.247
2815,Binnie,Sandison,bsandisonmm@msu.edu,Female,76.218.52.4
2816,Claudelle,Wannes,cwannesmn@so-net.ne.jp,Female,3.179.243.16
2817,Wylie,Leys,wleysmo@ocn.ne.jp,Male,153.221.76.118
2818,Carver,Cadlock,ccadlockmp@smugmug.com,Male,206.110.204.202
2819,Carlota,Sherrott,csherrottmq@altervista.org,Non-binary,240.98.244.216
2820,Janeen,Goldfinch,jgoldfinchmr@w3.org,Female,228.179.159.151
2821,Granthem,Rawdall,grawdallms@nytimes.com,Male,0.203.217.236
2822,Ely,Diamant,ediamantmt@gmpg.org,Male,254.175.116.60
2823,Curr,Hedaux,chedauxmu@youtu.be,Male,37.101.92.56
2824,Odelinda,Lovelace,olovelacemv@myspace.com,Female,37.122.168.20
2825,Marna,Naish,mnaishmw@usnews.com,Female,117.244.180.174
2826,Rowen,Lindenberg,rlindenbergmx@nyu.edu,Genderfluid,158.13.237.56
2827,Mavra,Adamo,madamomy@businessinsider.com,Female,146.27.138.17
2828,Conny,McGhie,cmcghiemz@foxnews.com,Polygender,126.79.180.3
2829,Augie,Dubery,aduberyn0@opera.com,Male,59.38.208.156
2830,Stirling,Flahy,sflahyn1@instagram.com,Male,45.157.138.226
2831,Marissa,Tunbridge,mtunbridgen2@issuu.com,Female,89.42.225.167
2832,Benito,Marin,bmarinn3@liveinternet.ru,Male,180.156.80.246
2833,Jacinta,Azema,jazeman4@hao123.com,Bigender,93.73.28.185
2834,Brandyn,Benoit,bbenoitn5@tripadvisor.com,Male,205.109.79.207
2835,Alex,Ygou,aygoun6@spiegel.de,Male,199.166.3.204
2836,Travus,Hurich,thurichn7@weebly.com,Male,244.248.224.229
2837,Pattie,Darben,pdarbenn8@ca.gov,Non-binary,53.216.152.40
2838,Ardath,Camerello,acamerellon9@twitpic.com,Female,131.187.8.33
2839,Nesta,Di Domenico,ndidomenicona@uiuc.edu,Female,224.90.221.178
2840,Mace,Litton,mlittonnb@va.gov,Male,85.238.114.119
2841,Theresa,Brame,tbramenc@hc360.com,Female,153.203.88.208
2842,Sybille,Culvey,sculveynd@cnbc.com,Genderqueer,185.40.64.194
2843,Bryce,Nairne,bnairnene@hibu.com,Male,121.229.198.223
2844,Neely,Melpuss,nmelpussnf@free.fr,Female,112.25.79.218
2845,Elaina,Hodjetts,ehodjettsng@acquirethisname.com,Female,113.254.98.69
2846,Hort,Constable,hconstablenh@oracle.com,Male,139.124.8.120
2847,Jaclin,Deek,jdeekni@reverbnation.com,Female,37.221.85.117
2848,Willow,Buller,wbullernj@gmpg.org,Non-binary,51.89.128.118
2849,Rosanna,Sibylla,rsibyllank@cornell.edu,Female,225.34.211.115
2850,Edithe,Jurczak,ejurczaknl@blogger.com,Female,56.32.222.113
2851,Reade,Waiting,rwaitingnm@ow.ly,Male,140.228.123.87
2852,Arly,Barnaclough,abarnacloughnn@ox.ac.uk,Female,170.189.176.141
2853,Melesa,MacKaile,mmackaileno@unc.edu,Female,13.53.127.40
2854,Myrle,Acaster,macasternp@gizmodo.com,Female,153.101.211.75
2855,Bartolemo,Scanes,bscanesnq@sphinn.com,Male,159.213.121.241
2856,Jacques,Duckels,jduckelsnr@addthis.com,Bigender,23.5.49.153
2857,Blondie,Gregoriou,bgregoriouns@edublogs.org,Female,92.119.178.39
2858,Tabatha,Gyorgy,tgyorgynt@addtoany.com,Agender,246.69.202.138
2859,Dyane,MacGeffen,dmacgeffennu@europa.eu,Agender,237.182.164.248
2860,Aurelea,Wann,awannnv@furl.net,Female,164.253.208.48
2861,Mora,Gentiry,mgentirynw@dagondesign.com,Female,59.92.126.191
2862,Che,Heindrick,cheindricknx@blinklist.com,Male,27.61.231.96
2863,Mattheus,Wapol,mwapolny@state.gov,Polygender,34.242.102.59
2864,Somerset,Goodhew,sgoodhewnz@mozilla.com,Male,91.15.77.65
2865,Adams,Eustanch,aeustancho0@stumbleupon.com,Male,150.114.147.21
2866,Selia,Warman,swarmano1@ucsd.edu,Female,124.30.150.197
2867,Gilberte,Sumsion,gsumsiono2@merriam-webster.com,Non-binary,85.190.219.43
2868,Roberto,Augustus,raugustuso3@aboutads.info,Male,253.142.43.122
2869,Beauregard,Lindop,blindopo4@sohu.com,Male,185.2.145.144
2870,Basilio,Fallowes,bfalloweso5@nasa.gov,Male,107.156.89.218
2871,Danika,Amner,damnero6@nba.com,Female,31.237.149.6
2872,Veronica,Easterbrook,veasterbrooko7@storify.com,Female,201.21.172.180
2873,Axel,Oxterby,aoxterbyo8@shinystat.com,Male,125.211.147.11
2874,Tucky,Tabard,ttabardo9@ameblo.jp,Male,124.125.207.164
2875,Kylen,Stapylton,kstapyltonoa@hp.com,Female,23.210.4.26
2876,Lisbeth,Wash,lwashob@statcounter.com,Female,240.122.13.247
2877,Linnea,Harriot,lharriotoc@linkedin.com,Female,41.245.255.70
2878,Leeann,Goullee,lgoulleeod@webnode.com,Female,160.48.88.140
2879,Aretha,Okker,aokkeroe@ovh.net,Female,47.227.31.116
2880,Alie,Bang,abangof@miitbeian.gov.cn,Female,162.239.22.190
2881,Teddi,Kynnd,tkynndog@harvard.edu,Polygender,162.38.98.140
2882,Latia,Pridden,lpriddenoh@aol.com,Female,225.20.44.70
2883,Corabel,Jiracek,cjiracekoi@auda.org.au,Female,155.27.138.128
2884,Wilmar,Argontt,wargonttoj@theglobeandmail.com,Male,2.83.152.90
2885,Thebault,Rudsdale,trudsdaleok@is.gd,Male,86.180.55.190
2886,Ilsa,Bouldon,ibouldonol@usgs.gov,Non-binary,35.49.19.252
2887,Devonne,Speeding,dspeedingom@gizmodo.com,Female,113.65.63.146
2888,Chelsey,Bault,cbaulton@people.com.cn,Agender,215.90.229.240
2889,Kristoforo,Pescod,kpescodoo@gizmodo.com,Male,203.187.130.44
2890,Etta,Van Der Straaten,evanderstraatenop@comcast.net,Female,203.141.94.47
2891,Bobbe,Yate,byateoq@walmart.com,Female,191.59.55.159
2892,Celie,Duigan,cduiganor@prlog.org,Female,245.77.126.73
2893,Alisa,Philippsohn,aphilippsohnos@nhs.uk,Female,141.119.28.207
2894,Timotheus,Thrush,tthrushot@mapy.cz,Male,44.130.46.3
2895,Ambrosi,Burchall,aburchallou@vimeo.com,Male,129.242.27.123
2896,Nissy,Armin,narminov@washingtonpost.com,Female,160.209.108.55
2897,Rahel,Dacombe,rdacombeow@oracle.com,Female,253.133.243.120
2898,Annecorinne,Radke,aradkeox@usnews.com,Female,38.174.90.14
2899,Shane,Breit,sbreitoy@forbes.com,Male,23.187.96.223
2900,Loutitia,Kees,lkeesoz@twitter.com,Female,186.237.41.69
2901,Rora,O'Fergus,rofergusp0@sfgate.com,Female,179.121.219.100
2902,Sean,Ruit,sruitp1@last.fm,Male,30.31.239.109
2903,Susette,Giuroni,sgiuronip2@alibaba.com,Female,128.232.197.177
2904,Marget,Sennett,msennettp3@ehow.com,Female,164.40.30.140
2905,Gun,Loosely,glooselyp4@usda.gov,Male,90.89.102.3
2906,Ive,Gladtbach,igladtbachp5@sourceforge.net,Male,202.226.134.179
2907,Jaye,Averall,javerallp6@sina.com.cn,Male,156.229.164.146
2908,Elle,Ixor,eixorp7@netlog.com,Female,213.69.49.250
2909,Wilbert,Oswick,woswickp8@free.fr,Male,214.71.18.90
2910,Ezekiel,Tomalin,etomalinp9@smugmug.com,Male,110.186.249.8
2911,Domenic,Bohl,dbohlpa@booking.com,Male,149.147.88.190
2912,Lyndy,Rollings,lrollingspb@abc.net.au,Female,79.0.158.54
2913,August,MacGlory,amacglorypc@bluehost.com,Male,144.95.209.9
2914,Rafaelia,Keary,rkearypd@tmall.com,Female,174.219.144.134
2915,Alejandro,Northern,anorthernpe@hp.com,Male,119.10.6.236
2916,Denny,Battershall,dbattershallpf@theglobeandmail.com,Female,72.35.191.140
2917,Thekla,Faudrie,tfaudriepg@flavors.me,Female,254.170.170.142
2918,Emlyn,Balwin,ebalwinph@sitemeter.com,Female,81.158.112.81
2919,Daisy,Birtles,dbirtlespi@usgs.gov,Female,227.69.117.14
2920,Myrna,Gritland,mgritlandpj@china.com.cn,Female,163.151.158.100
2921,Edgard,Slixby,eslixbypk@freewebs.com,Male,115.194.143.63
2922,Thedric,McMeanma,tmcmeanmapl@hp.com,Male,38.73.244.211
2923,Hammad,Linfitt,hlinfittpm@baidu.com,Male,32.191.128.122
2924,La verne,Ciccotto,lciccottopn@webs.com,Female,30.141.135.224
2925,Xaviera,Broxholme,xbroxholmepo@wordpress.org,Female,15.215.202.183
2926,Min,Bulman,mbulmanpp@creativecommons.org,Female,20.200.50.216
2927,Edgard,Byers,ebyerspq@shutterfly.com,Male,247.95.179.150
2928,Tedra,Crafter,tcrafterpr@naver.com,Female,242.18.165.1
2929,Charline,Jepps,cjeppsps@icq.com,Female,13.44.25.186
2930,Kristel,Sanper,ksanperpt@woothemes.com,Female,128.129.208.208
2931,Melamie,Woodfield,mwoodfieldpu@independent.co.uk,Female,80.27.60.143
2932,Siana,Pavic,spavicpv@freewebs.com,Female,153.107.122.90
2933,Abigael,Cavell,acavellpw@ovh.net,Female,173.163.32.193
2934,Arabella,Menary,amenarypx@unesco.org,Female,185.19.83.67
2935,Carlin,O'Dennehy,codennehypy@eventbrite.com,Female,120.143.18.26
2936,Kylen,Luisetti,kluisettipz@homestead.com,Female,59.207.171.254
2937,Manolo,Reckus,mreckusq0@businessweek.com,Male,29.185.253.1
2938,Jae,Ewer,jewerq1@vinaora.com,Male,216.178.11.36
2939,Dannye,Laugherane,dlaugheraneq2@yale.edu,Female,176.190.236.70
2940,Ashlin,Dingivan,adingivanq3@addthis.com,Male,154.100.231.107
2941,Gwendolen,Jeness,gjenessq4@csmonitor.com,Female,200.25.90.122
2942,Salmon,Elcoate,selcoateq5@naver.com,Male,62.197.71.171
2943,Duff,Chasson,dchassonq6@wikispaces.com,Male,61.45.2.158
2944,Catriona,Perigoe,cperigoeq7@theatlantic.com,Female,181.91.236.114
2945,Goldia,Coal,gcoalq8@usgs.gov,Female,73.28.30.144
2946,Samuel,Gratrex,sgratrexq9@dedecms.com,Male,192.191.37.159
2947,Haze,Runnicles,hrunniclesqa@cnet.com,Male,209.124.200.92
2948,Shelby,Bishopp,sbishoppqb@behance.net,Male,239.175.185.34
2949,Towney,Davage,tdavageqc@naver.com,Male,214.36.145.121
2950,Krystle,Paye,kpayeqd@bluehost.com,Female,202.223.148.32
2951,Gan,Littlejohns,glittlejohnsqe@mtv.com,Male,245.140.202.99
2952,Alano,Deveril,adeverilqf@cnn.com,Male,24.211.115.230
2953,Nicola,McEntee,nmcenteeqg@pcworld.com,Male,51.93.29.61
2954,Marwin,Kiddie,mkiddieqh@tiny.cc,Polygender,90.59.113.108
2955,Claus,Rowbottom,crowbottomqi@diigo.com,Genderqueer,101.118.70.214
2956,Shanan,Vowden,svowdenqj@weibo.com,Male,107.87.47.147
2957,Jean,Lindback,jlindbackqk@qq.com,Male,159.111.7.14
2958,Mamie,Kear,mkearql@unc.edu,Genderfluid,42.108.14.46
2959,Moses,Colvine,mcolvineqm@goo.ne.jp,Male,13.157.227.81
2960,Gilemette,Browell,gbrowellqn@seesaa.net,Genderfluid,241.47.67.199
2961,Ty,Ashley,tashleyqo@pagesperso-orange.fr,Male,17.250.93.84
2962,Berne,Gannicleff,bgannicleffqp@cyberchimps.com,Male,131.30.253.150
2963,Wendeline,Grunder,wgrunderqq@elpais.com,Female,203.73.196.176
2964,Burlie,Mannering,bmanneringqr@mail.ru,Bigender,92.59.89.26
2965,Glen,Whatling,gwhatlingqs@ning.com,Female,5.62.27.225
2966,Shanda,Seston,ssestonqt@marriott.com,Female,202.245.54.76
2967,Ike,Ludman,iludmanqu@yandex.ru,Male,44.207.172.76
2968,Paola,Stygall,pstygallqv@ox.ac.uk,Female,7.101.11.68
2969,Angelita,Pitts,apittsqw@ask.com,Non-binary,47.46.112.102
2970,Darell,Darnborough,ddarnboroughqx@economist.com,Female,112.17.133.184
2971,Rey,Dewer,rdewerqy@twitter.com,Male,18.104.199.68
2972,Tyrone,Mewrcik,tmewrcikqz@shinystat.com,Male,8.99.212.171
2973,Haley,Forsdicke,hforsdicker0@studiopress.com,Female,132.217.78.153
2974,Amelia,Etuck,aetuckr1@howstuffworks.com,Female,104.186.177.60
2975,Farr,Gingedale,fgingedaler2@boston.com,Male,2.165.105.64
2976,Roderic,Veschambes,rveschambesr3@arstechnica.com,Male,92.228.6.207
2977,Wini,Agneau,wagneaur4@addthis.com,Female,26.230.60.184
2978,Terri,Longea,tlongear5@wix.com,Female,27.151.128.2
2979,Asher,Clinkard,aclinkardr6@tinyurl.com,Male,170.149.207.21
2980,Isadore,Djurdjevic,idjurdjevicr7@patch.com,Male,7.184.185.212
2981,Irvin,Sinnocke,isinnocker8@toplist.cz,Genderfluid,170.166.63.158
2982,Weber,Tanslie,wtanslier9@wiley.com,Male,89.87.108.146
2983,Addi,Birkhead,abirkheadra@fotki.com,Female,239.82.241.97
2984,Felix,Scaddon,fscaddonrb@bravesites.com,Male,132.146.215.210
2985,Way,Gagg,wgaggrc@pbs.org,Male,88.227.176.22
2986,Galina,Polland,gpollandrd@shutterfly.com,Female,95.239.77.112
2987,Forbes,Gouth,fgouthre@columbia.edu,Male,167.45.217.248
2988,Melita,Inggall,minggallrf@diigo.com,Female,142.176.157.103
2989,Jo ann,Dahlman,jdahlmanrg@mayoclinic.com,Female,192.58.160.175
2990,Laryssa,Varley,lvarleyrh@wordpress.com,Female,76.46.20.113
2991,Celene,Revey,creveyri@rakuten.co.jp,Female,162.58.173.28
2992,Germayne,Acors,gacorsrj@mysql.com,Male,179.69.14.25
2993,Jess,Endean,jendeanrk@sitemeter.com,Male,153.70.175.191
2994,Jud,Varlow,jvarlowrl@hugedomains.com,Male,224.240.76.174
2995,Somerset,Carey,scareyrm@a8.net,Genderfluid,122.137.195.159
2996,Ambrosio,Eubank,aeubankrn@wikispaces.com,Male,79.229.53.205
2997,Kenneth,Reay,kreayro@statcounter.com,Male,80.253.4.71
2998,Calida,Weavill,cweavillrp@army.mil,Female,217.15.119.187
2999,Mitchell,Popplestone,mpopplestonerq@bing.com,Male,180.210.167.205
3000,Stoddard,Shillam,sshillamrr@163.com,Female,208.174.235.206
