id,first_name,last_name,email,gender,ip_address
1001,Yancey,Jendas,yjendas0@newsvine.com,Male,6.65.81.197
1002,Eliza,Thursby,ethursby1@vk.com,Genderqueer,139.86.156.50
1003,Goldy,Williscroft,gwilliscroft2@parallels.com,Female,182.130.111.198
1004,Darby,Boodle,dboodle3@samsung.com,Male,22.191.197.79
1005,Madison,Mandrey,mmandrey4@ucla.edu,Male,22.20.128.40
1006,Oona,Perutto,operutto5@t-online.de,Female,193.232.138.124
1007,Keriann,Warrior,kwarrior6@cbslocal.com,Female,212.147.100.76
1008,Raleigh,Stidever,rstidever7@sciencedirect.com,Bigender,188.43.222.187
1009,Vanda,Stihl,vstihl8@state.gov,Female,29.76.186.182
1010,Chandal,Ewer,cewer9@spiegel.de,Female,167.51.222.214
1011,Frayda,Algate,falgatea@mysql.com,Female,247.159.177.129
1012,Gregg,Andryushin,gandryushinb@bloglovin.com,Male,61.105.18.211
1013,Boony,Sheer,bsheerc@histats.com,Agender,163.246.38.39
1014,Irving,Dreng,idrengd@sciencedaily.com,Male,174.19.45.115
1015,Sinclair,Waddams,swaddamse@imageshack.us,Male,38.8.245.188
1016,Julio,Spilsbury,jspilsburyf@ask.com,Male,215.221.173.87
1017,Shelli,Chase,schaseg@abc.net.au,Female,31.155.106.205
1018,Charissa,Colebeck,ccolebeckh@boston.com,Female,231.240.191.50
1019,Claribel,Kelleway,ckellewayi@salon.com,Female,74.56.24.76
1020,Jeanelle,Wolfarth,jwolfarthj@com.com,Female,156.210.245.15
1021,Mozes,Mastrantone,mmastrantonek@boston.com,Male,234.243.5.50
1022,Mohandis,Curnucke,mcurnuckel@biglobe.ne.jp,Male,157.23.143.112
1023,Natty,Janczak,njanczakm@mashable.com,Male,117.75.175.220
1024,Pearle,Bartolijn,pbartolijnn@scribd.com,Female,241.239.163.32
1025,Alexandro,Ventham,aventhamo@amazon.de,Male,3.150.88.123
1026,Roman,Questier,rquestierp@blogs.com,Male,68.38.50.242
1027,Mala,Hamblett,mhamblettq@bloglovin.com,Genderqueer,118.177.182.240
1028,Thom,Kachel,tkachelr@yelp.com,Male,35.229.138.184
1029,Bobbette,Domsalla,bdomsallas@multiply.com,Female,43.79.168.135
1030,Aguistin,Loveguard,aloveguardt@tmall.com,Male,86.41.224.218
1031,Keith,Hunnywell,khunnywellu@barnesandnoble.com,Male,204.206.44.176
1032,Sherwood,Tesseyman,stesseymanv@about.com,Male,118.172.208.84
1033,Terence,Rushworth,trushworthw@theatlantic.com,Male,43.90.66.249
1034,Jenelle,Mursell,jmursellx@elpais.com,Genderqueer,229.163.158.18
1035,Griffy,Mangenet,gmangenety@themeforest.net,Non-binary,171.103.66.3
1036,Salmon,Eldredge,seldredgez@vistaprint.com,Male,145.138.149.112
1037,Rowland,Nibloe,rnibloe10@howstuffworks.com,Male,88.43.241.155
1038,Milka,Siddaley,msiddaley11@nature.com,Female,173.248.104.48
1039,Olga,Quaife,oquaife12@ow.ly,Non-binary,70.78.171.120
1040,Hyatt,Gollard,hgollard13@bloomberg.com,Male,41.232.122.102
1041,Mallory,Wallsworth,mwallsworth14@epa.gov,Female,221.238.120.36
1042,Ted,Dominey,tdominey15@wordpress.com,Polygender,36.212.150.13
1043,Lilias,Bartali,lbartali16@mlb.com,Genderqueer,220.220.8.12
1044,Dionysus,Goney,dgoney17@mayoclinic.com,Male,61.18.27.128
1045,Gene,Emeline,gemeline18@theguardian.com,Male,205.180.104.174
1046,Merlina,Gravestone,mgravestone19@facebook.com,Female,174.36.25.93
1047,Bea,Daft,bdaft1a@redcross.org,Genderqueer,197.55.110.30
1048,Sherman,Burgoyne,sburgoyne1b@qq.com,Male,20.119.17.135
1049,Vance,Ghion,vghion1c@merriam-webster.com,Male,42.35.178.223
1050,Elroy,MacAne,emacane1d@businessweek.com,Male,110.92.206.51
1051,Bryant,Kikke,bkikke1e@blogs.com,Male,113.99.126.5
1052,Dannel,Bartelet,dbartelet1f@e-recht24.de,Male,25.58.98.50
1053,Alexio,Frail,afrail1g@sphinn.com,Male,196.211.97.19
1054,Mandi,Hollibone,mhollibone1h@nhs.uk,Genderqueer,65.58.187.167
1055,Remington,Eyckel,reyckel1i@tamu.edu,Male,72.94.64.230
1056,Sybil,Hymas,shymas1j@intel.com,Female,154.104.36.63
1057,Olympia,Moulton,omoulton1k@ameblo.jp,Female,223.51.157.182
1058,Geri,Lyvon,glyvon1l@stanford.edu,Male,152.223.155.0
1059,Igor,Robatham,irobatham1m@discuz.net,Male,115.201.36.51
1060,Beltran,Furness,bfurness1n@linkedin.com,Male,170.146.103.197
1061,Leilah,Highwood,lhighwood1o@ifeng.com,Female,175.232.65.28
1062,Karlen,Althrope,kalthrope1p@virginia.edu,Female,84.101.188.67
1063,Dane,Dennant,ddennant1q@mtv.com,Male,228.20.180.42
1064,Fairfax,Sewards,fsewards1r@hatena.ne.jp,Male,12.129.167.180
1065,Charlot,Bratten,cbratten1s@cargocollective.com,Female,207.71.172.101
1066,Melvin,Riccioppo,mriccioppo1t@slashdot.org,Male,137.139.86.22
1067,Frederick,Sharratt,fsharratt1u@instagram.com,Male,161.35.113.95
1068,Viole,Castagnet,vcastagnet1v@photobucket.com,Female,139.209.252.116
1069,Cullen,Morcomb,cmorcomb1w@spiegel.de,Male,5.124.42.150
1070,Fiann,Barette,fbarette1x@guardian.co.uk,Female,248.139.82.134
1071,Sauveur,Kemm,skemm1y@godaddy.com,Male,86.235.133.228
1072,Rolf,Neachell,rneachell1z@forbes.com,Male,162.39.150.133
1073,Derward,Banat,dbanat20@si.edu,Male,64.185.18.45
1074,Trina,Rodenburg,trodenburg21@wordpress.org,Female,115.4.133.130
1075,Uriel,Portsmouth,uportsmouth22@admin.ch,Male,155.19.7.152
1076,Ingeborg,Seid,iseid23@wikispaces.com,Female,161.135.215.148
1077,Wynny,Stansfield,wstansfield24@paypal.com,Female,129.159.142.186
1078,Florencia,Piotrkowski,fpiotrkowski25@whitehouse.gov,Female,47.249.223.194
1079,Geno,Bracegirdle,gbracegirdle26@fotki.com,Male,60.10.167.202
1080,Emelyne,Lidgely,elidgely27@wikipedia.org,Female,112.169.205.138
1081,Sayre,Woodings,swoodings28@prweb.com,Female,74.255.17.75
1082,Freddy,Bucky,fbucky29@moonfruit.com,Polygender,197.80.203.239
1083,Dyna,Dennistoun,ddennistoun2a@washingtonpost.com,Female,38.13.154.21
1084,Amalia,Dows,adows2b@hao123.com,Genderqueer,3.78.220.254
1085,Wren,Darch,wdarch2c@netvibes.com,Female,15.58.76.167
1086,Whit,Willgrass,wwillgrass2d@jiathis.com,Male,80.34.238.112
1087,Nickolaus,Vales,nvales2e@about.com,Male,61.116.3.200
1088,Melisandra,Aggiss,maggiss2f@hatena.ne.jp,Female,117.4.139.201
1089,Garrett,Hubback,ghubback2g@weebly.com,Male,242.155.157.157
1090,Lavina,Ebbin,lebbin2h@gravatar.com,Non-binary,143.21.34.172
1091,Alameda,Tomei,atomei2i@wired.com,Female,125.26.52.184
1092,Antonina,Goneau,agoneau2j@hao123.com,Female,222.216.144.161
1093,Sigismond,Wishart,swishart2k@mapy.cz,Male,177.26.222.56
1094,Winona,Lukianov,wlukianov2l@usa.gov,Female,59.173.20.111
1095,Jens,Morey,jmorey2m@apache.org,Male,190.181.10.125
1096,Belva,Deluce,bdeluce2n@amazon.com,Female,11.68.104.57
1097,Serene,Rawsthorn,srawsthorn2o@ning.com,Female,39.148.179.57
1098,Dasya,Powdrell,dpowdrell2p@tmall.com,Female,130.248.175.30
1099,Deane,Wanek,dwanek2q@csmonitor.com,Female,96.92.52.80
1100,Kellsie,Sink,ksink2r@barnesandnoble.com,Female,137.34.97.146
