id,first_name,last_name,email,gender,ip_address
1001,Morly,Greaves,mgreaves0@timesonline.co.uk,Agender,174.79.86.253
1002,Grazia,Tocknell,gtocknell1@acquirethisname.com,Female,115.255.243.96
1003,Alyce,Godilington,agodilington2@nasa.gov,Female,129.251.89.146
1004,Pauly,Kirgan,pkirgan3@irs.gov,Female,74.63.165.74
1005,Allix,Kunneke,akunneke4@cnn.com,Female,106.137.126.140
1006,Maurits,Vampouille,mvampouille5@mit.edu,Male,51.144.104.247
1007,Othelia,Leifer,oleifer6@google.ca,Female,105.68.202.245
1008,Bradly,Ellicombe,bellicombe7@accuweather.com,Non-binary,177.125.129.53
1009,Justinn,Sidery,jsidery8@rakuten.co.jp,Female,59.174.41.97
1010,Carroll,Punchard,cpunchard9@instagram.com,Female,10.159.142.156
1011,Larry,Masseo,lmasseoa@ftc.gov,Polygender,245.178.27.5
1012,Rudd,McGeachy,rmcgeachyb@spotify.com,Male,47.157.232.184
1013,Bentley,Stanley,bstanleyc@alibaba.com,Male,126.103.219.219
1014,Quillan,Frankcomb,qfrankcombd@rambler.ru,Male,36.34.166.140
1015,Alric,Niessen,aniessene@indiatimes.com,Male,60.182.65.224
1016,Leandra,McGunley,lmcgunleyf@google.com.hk,Female,127.27.70.116
1017,Neddy,Ivanovic,nivanovicg@wikispaces.com,Genderfluid,53.217.102.64
1018,Irwinn,Viegas,iviegash@yellowpages.com,Genderfluid,90.188.164.167
1019,Dasie,Baxendale,dbaxendalei@vimeo.com,Agender,175.230.35.139
1020,Pinchas,Gudde,pguddej@lulu.com,Male,225.151.120.252
1021,Jemima,Gwinnel,jgwinnelk@techcrunch.com,Female,162.113.77.94
1022,Rosamond,Gookey,rgookeyl@addtoany.com,Female,50.11.155.13
1023,Meir,Mays,mmaysm@google.fr,Male,186.244.216.171
1024,Grace,Linthead,glintheadn@mozilla.org,Male,80.184.84.238
1025,Cherey,Ubanks,cubankso@unc.edu,Female,224.226.98.124
1026,Timofei,Kitchenman,tkitchenmanp@un.org,Male,218.202.42.57
1027,Cathi,Kite,ckiteq@weebly.com,Female,206.60.41.65
1028,Adel,Bushell,abushellr@infoseek.co.jp,Female,96.135.193.69
1029,Nealy,Pash,npashs@nba.com,Male,71.186.8.12
1030,Inglis,Galletley,igalletleyt@1und1.de,Male,87.218.218.105
1031,Keefer,Roser,kroseru@sitemeter.com,Male,40.213.177.54
1032,Gard,Sandels,gsandelsv@cloudflare.com,Male,35.170.35.127
1033,Cindee,Biskup,cbiskupw@people.com.cn,Female,85.22.9.255
1034,Nerta,Scholfield,nscholfieldx@nih.gov,Female,18.18.168.133
1035,Olga,Oake,ooakey@phpbb.com,Female,208.35.156.26
1036,Eveleen,Avramow,eavramowz@t-online.de,Female,102.21.227.52
1037,Coralyn,Igglesden,cigglesden10@123-reg.co.uk,Female,28.110.159.95
1038,Wolfgang,Pimlock,wpimlock11@homestead.com,Male,230.103.149.133
1039,Katrine,Hearnden,khearnden12@npr.org,Female,193.160.24.60
1040,Derron,Edgars,dedgars13@fc2.com,Male,130.213.69.97
1041,Tyson,Gerhardt,tgerhardt14@pagesperso-orange.fr,Male,107.203.87.172
1042,Donny,Macieja,dmacieja15@purevolume.com,Male,160.245.55.150
1043,Bryna,Monks,bmonks16@wikispaces.com,Female,32.77.80.175
1044,Brittan,Leathwood,bleathwood17@sourceforge.net,Female,69.36.92.170
1045,Annice,Josefsen,ajosefsen18@dot.gov,Female,142.239.141.159
1046,Brendon,Prynne,bprynne19@mtv.com,Male,143.99.218.52
1047,Pasquale,Bole,pbole1a@jugem.jp,Male,143.59.65.1
1048,Boony,Tapp,btapp1b@engadget.com,Male,27.111.195.187
1049,Kelby,Whaites,kwhaites1c@latimes.com,Male,191.70.31.150
1050,Renata,Geraudy,rgeraudy1d@bloglovin.com,Female,178.234.187.247
1051,Porter,Acey,pacey1e@stanford.edu,Male,60.11.135.60
1052,Olva,Mullett,omullett1f@infoseek.co.jp,Female,209.189.33.91
1053,Burl,Raffels,braffels1g@japanpost.jp,Male,55.176.119.245
1054,Lyndell,Skoyles,lskoyles1h@army.mil,Genderqueer,46.159.136.253
1055,Darsey,Anetts,danetts1i@addtoany.com,Female,101.116.51.18
1056,Blake,Dugue,bdugue1j@boston.com,Genderfluid,197.20.114.243
1057,Storm,Alldis,salldis1k@shutterfly.com,Female,76.102.249.248
1058,Garwin,Kewzick,gkewzick1l@sina.com.cn,Male,70.68.167.129
1059,North,Macon,nmacon1m@time.com,Polygender,227.129.65.190
1060,Patin,Deave,pdeave1n@rediff.com,Male,14.207.170.90
1061,Merralee,Corain,mcorain1o@meetup.com,Female,12.171.71.15
1062,Minne,Waleran,mwaleran1p@mlb.com,Female,173.118.225.15
1063,Rose,Klaff,rklaff1q@nature.com,Female,65.74.57.15
1064,Geraldine,Pert,gpert1r@ow.ly,Female,105.92.209.61
1065,Gard,Oxton,goxton1s@walmart.com,Male,148.110.163.218
1066,Ellyn,Hedgeman,ehedgeman1t@epa.gov,Female,96.223.215.239
1067,Tessie,Lange,tlange1u@mayoclinic.com,Female,251.24.212.231
1068,Cleveland,Forten,cforten1v@mashable.com,Male,169.114.54.142
1069,Reinhold,Plumb,rplumb1w@1688.com,Male,35.95.202.103
1070,Sebastiano,Steuhlmeyer,ssteuhlmeyer1x@squarespace.com,Genderfluid,163.174.10.253
1071,Shina,Spaice,sspaice1y@wordpress.com,Female,47.126.94.3
1072,Jany,Fenemore,jfenemore1z@marriott.com,Female,56.80.210.62
1073,Quincy,D'Cruze,qdcruze20@cam.ac.uk,Male,85.86.185.48
1074,Stevena,Dilliston,sdilliston21@trellian.com,Female,146.42.120.202
1075,Deeanne,Blonfield,dblonfield22@youtube.com,Female,109.198.12.67
1076,Bern,Frankcomb,bfrankcomb23@ustream.tv,Male,224.89.59.15
1077,Estrellita,Iddison,eiddison24@marketwatch.com,Female,104.165.232.220
1078,Arleyne,Chatwood,achatwood25@cloudflare.com,Female,0.227.59.83
1079,Marcie,Siddle,msiddle26@jalbum.net,Female,64.61.122.245
1080,Barty,Pendle,bpendle27@hostgator.com,Male,167.119.133.138
1081,Wenonah,Channon,wchannon28@printfriendly.com,Female,183.139.106.26
1082,Trenna,Mainland,tmainland29@umn.edu,Female,45.43.193.139
1083,Ag,Rabley,arabley2a@eepurl.com,Female,68.32.157.115
1084,Miller,Loveman,mloveman2b@vinaora.com,Male,95.72.22.2
1085,Chaunce,Waddoups,cwaddoups2c@sciencedirect.com,Male,125.179.147.16
1086,Beck,Cardenas,bcardenas2d@spiegel.de,Male,180.124.200.141
1087,Dallis,Grigoroni,dgrigoroni2e@dell.com,Male,96.254.230.3
1088,Tracy,Millmoe,tmillmoe2f@sogou.com,Male,113.82.28.57
1089,Trip,Nicklin,tnicklin2g@abc.net.au,Male,142.98.201.205
1090,Davy,Galliard,dgalliard2h@com.com,Male,84.166.163.252
1091,Norby,Jaxon,njaxon2i@cbc.ca,Non-binary,130.247.12.40
1092,Dorian,Dudbridge,ddudbridge2j@ameblo.jp,Male,116.204.65.54
1093,Emanuel,Killiam,ekilliam2k@businessweek.com,Male,222.200.227.178
1094,Naomi,Beteriss,nbeteriss2l@scientificamerican.com,Female,143.155.156.143
1095,Sandie,Giblin,sgiblin2m@mysql.com,Female,235.56.250.59
1096,Enrichetta,Crichmer,ecrichmer2n@feedburner.com,Female,70.226.159.144
1097,Baillie,Wiersma,bwiersma2o@state.gov,Male,199.0.185.54
1098,Derick,Brandes,dbrandes2p@github.com,Male,29.23.55.81
1099,Edna,Stormouth,estormouth2q@free.fr,Female,33.105.4.214
1100,Shani,Durden,sdurden2r@com.com,Female,212.132.91.227
1101,Edan,Felipe,efelipe2s@ca.gov,Male,122.122.86.184
1102,Antonius,Lago,alago2t@topsy.com,Male,75.144.223.224
1103,Daphna,Pestell,dpestell2u@ocn.ne.jp,Female,14.35.32.63
1104,Dela,Gordon,dgordon2v@skyrock.com,Female,56.226.8.244
1105,Jeno,Stanbury,jstanbury2w@spotify.com,Male,251.198.112.186
1106,Carlotta,Simonnot,csimonnot2x@apple.com,Female,161.196.220.129
1107,Torr,Greasty,tgreasty2y@psu.edu,Male,133.139.192.64
1108,Carola,Nulty,cnulty2z@nytimes.com,Female,175.224.39.225
1109,Eveleen,Dutch,edutch30@springer.com,Female,57.141.17.146
1110,Phillipe,Barnsdale,pbarnsdale31@moonfruit.com,Male,199.235.106.127
1111,Katti,Barensky,kbarensky32@japanpost.jp,Female,46.57.208.74
1112,Iris,Struttman,istruttman33@noaa.gov,Female,204.243.70.112
1113,Sherwood,Botton,sbotton34@moonfruit.com,Male,149.147.205.215
1114,Lexy,Whittier,lwhittier35@stanford.edu,Female,91.248.76.127
1115,Bonnie,Mohun,bmohun36@bloglines.com,Female,172.31.140.97
1116,Gorden,Swyn,gswyn37@facebook.com,Male,69.91.188.238
1117,Chery,Fulk,cfulk38@nps.gov,Female,23.219.91.232
1118,Toinette,Dowsey,tdowsey39@forbes.com,Female,193.151.28.138
1119,Nefen,Ashman,nashman3a@google.com.br,Male,92.242.202.96
1120,Emmeline,Massingham,emassingham3b@amazon.co.uk,Female,231.152.148.72
1121,Kahlil,Lynthal,klynthal3c@engadget.com,Male,113.46.166.130
1122,Christie,Dougherty,cdougherty3d@google.fr,Male,246.119.39.117
1123,Lilith,Bridell,lbridell3e@eventbrite.com,Female,178.246.38.172
1124,Debi,Lebang,dlebang3f@google.cn,Female,136.134.9.226
1125,Adan,Sakins,asakins3g@i2i.jp,Male,210.78.158.137
1126,Maurene,MacAree,mmacaree3h@omniture.com,Female,30.117.188.9
1127,Martyn,Haworth,mhaworth3i@amazonaws.com,Male,159.219.246.150
1128,Gideon,Kliement,gkliement3j@etsy.com,Male,200.252.80.174
1129,Kaleena,Navarre,knavarre3k@t.co,Female,244.179.76.245
1130,Gawain,Schorah,gschorah3l@facebook.com,Male,125.123.16.39
1131,Fayre,Varker,fvarker3m@blogspot.com,Female,186.228.202.115
1132,Rodie,Jefford,rjefford3n@hibu.com,Female,0.150.180.126
1133,Akim,Hogbin,ahogbin3o@jigsy.com,Male,14.202.168.18
1134,Cicely,Bentje,cbentje3p@bravesites.com,Female,45.9.33.72
1135,Stanislas,Steddall,ssteddall3q@icq.com,Male,39.42.40.130
1136,Mikol,Worsley,mworsley3r@github.io,Non-binary,148.79.240.237
1137,Sashenka,Frier,sfrier3s@ifeng.com,Female,43.238.143.234
1138,Jaime,Maddern,jmaddern3t@wunderground.com,Female,10.30.17.25
1139,Consuelo,Iltchev,ciltchev3u@live.com,Female,196.216.59.74
1140,Nicholas,Maggorini,nmaggorini3v@opera.com,Agender,86.94.179.128
1141,Johnette,Sewards,jsewards3w@psu.edu,Female,140.182.92.221
1142,Lavinie,Wasielewicz,lwasielewicz3x@bluehost.com,Female,101.26.84.111
1143,Nap,Frammingham,nframmingham3y@mayoclinic.com,Male,196.1.65.249
1144,Reggi,Odegaard,rodegaard3z@scientificamerican.com,Female,174.30.210.127
1145,Rudyard,Trevett,rtrevett40@webeden.co.uk,Male,224.154.71.212
1146,Deonne,Leidecker,dleidecker41@cdc.gov,Female,152.219.237.244
1147,Tracee,Sedger,tsedger42@hexun.com,Female,39.2.85.134
1148,Trey,Enrique,tenrique43@foxnews.com,Male,31.116.125.225
1149,Mordy,Carmont,mcarmont44@unicef.org,Male,34.164.98.7
1150,Brucie,Sarle,bsarle45@ow.ly,Male,22.11.79.77
1151,Clemmie,Linklater,clinklater46@census.gov,Male,163.41.5.192
1152,Morton,Davidowsky,mdavidowsky47@tamu.edu,Male,176.4.215.174
1153,Staffard,Bygrove,sbygrove48@ezinearticles.com,Male,223.137.226.176
1154,Salmon,Crossman,scrossman49@icq.com,Male,182.20.46.176
1155,Eddi,Saylor,esaylor4a@usnews.com,Non-binary,205.78.171.111
1156,Margeaux,Rapper,mrapper4b@scribd.com,Female,113.80.223.190
1157,Filippo,Skeffington,fskeffington4c@independent.co.uk,Male,51.66.200.12
1158,Abbi,Baty,abaty4d@usatoday.com,Female,50.109.195.73
1159,Kimball,Rigby,krigby4e@comcast.net,Male,211.237.105.195
1160,Francisco,Parsonson,fparsonson4f@nasa.gov,Polygender,69.233.114.113
1161,Lainey,Ledward,lledward4g@moonfruit.com,Non-binary,181.1.97.155
1162,Charla,Wathey,cwathey4h@g.co,Female,101.131.45.52
1163,Bailie,Markwick,bmarkwick4i@shop-pro.jp,Male,106.70.194.245
1164,Boot,Caughtry,bcaughtry4j@constantcontact.com,Male,93.140.203.187
1165,Sheilakathryn,Nanetti,snanetti4k@ehow.com,Female,78.198.77.85
1166,Godfrey,Geram,ggeram4l@geocities.jp,Male,246.160.88.227
1167,Gilberta,Dabes,gdabes4m@sohu.com,Female,59.176.73.156
1168,Gwynne,Laborda,glaborda4n@soup.io,Non-binary,115.106.84.175
1169,Dag,Badder,dbadder4o@redcross.org,Male,113.60.83.147
1170,Krisha,Mulrenan,kmulrenan4p@marketwatch.com,Male,213.28.73.8
1171,Nikola,Pilling,npilling4q@jimdo.com,Male,41.41.167.152
1172,Broderick,Blackmoor,bblackmoor4r@usa.gov,Male,96.18.88.183
1173,Breena,Hatherley,bhatherley4s@oracle.com,Non-binary,250.231.102.35
1174,Dena,Bogey,dbogey4t@sciencedirect.com,Female,99.215.237.56
1175,Clifford,Dozdill,cdozdill4u@etsy.com,Male,20.10.186.99
1176,Elsworth,Measor,emeasor4v@ca.gov,Male,165.112.112.240
1177,Eldredge,Toleman,etoleman4w@sfgate.com,Bigender,180.166.49.205
1178,Bertrand,Anneslie,banneslie4x@wikipedia.org,Male,54.130.167.246
1179,Minnie,Pinyon,mpinyon4y@businessinsider.com,Female,107.136.172.132
1180,Vina,Grinston,vgrinston4z@hao123.com,Female,86.3.45.94
1181,Viviene,Scarsbrooke,vscarsbrooke50@phoca.cz,Female,149.232.165.167
1182,Ariel,Seebright,aseebright51@admin.ch,Polygender,126.147.153.119
1183,Julie,O'Shavlan,joshavlan52@moonfruit.com,Female,149.159.47.193
1184,Sybila,Bacup,sbacup53@booking.com,Genderfluid,6.15.181.123
1185,Pavia,Pembry,ppembry54@shinystat.com,Female,14.244.121.102
1186,Lemmy,Blakiston,lblakiston55@yale.edu,Male,216.234.96.215
1187,Farly,Knowling,fknowling56@si.edu,Male,247.42.134.146
1188,Alexandr,Hourahan,ahourahan57@bigcartel.com,Male,18.121.0.209
1189,Marlie,Silk,msilk58@nasa.gov,Female,20.225.160.163
1190,Devon,Olivella,dolivella59@a8.net,Female,137.199.29.63
1191,Tanhya,Ramalho,tramalho5a@google.es,Agender,251.103.32.141
1192,Marget,Sebring,msebring5b@parallels.com,Female,100.198.176.190
1193,Salli,Sperski,ssperski5c@ask.com,Female,87.162.46.170
1194,Cherey,Cumo,ccumo5d@vkontakte.ru,Female,81.183.254.116
1195,Joshia,Horder,jhorder5e@about.com,Male,50.174.162.12
1196,Frasco,Huggens,fhuggens5f@hugedomains.com,Male,150.2.99.254
1197,Lynelle,Fritschel,lfritschel5g@quantcast.com,Female,12.150.247.12
1198,Lockwood,Ghost,lghost5h@epa.gov,Male,5.175.218.249
1199,Eadmund,Bunclark,ebunclark5i@google.ru,Bigender,218.153.107.204
1200,Terrence,Croom,tcroom5j@npr.org,Male,208.106.76.34
1201,Ruddy,Rebichon,rrebichon5k@a8.net,Male,60.230.31.247
1202,Sloan,Chatainier,schatainier5l@hc360.com,Male,205.35.86.15
1203,Cordelia,Caltun,ccaltun5m@admin.ch,Female,121.45.12.47
1204,Justinn,Handscombe,jhandscombe5n@yolasite.com,Female,59.240.49.30
1205,Thorpe,Daudray,tdaudray5o@photobucket.com,Male,53.161.16.223
1206,Leonidas,Trainer,ltrainer5p@shutterfly.com,Male,66.186.194.174
1207,Jillene,Akeherst,jakeherst5q@intel.com,Female,17.85.129.10
1208,Pavia,Fleury,pfleury5r@telegraph.co.uk,Agender,243.43.56.15
1209,Roseanne,Van Brug,rvanbrug5s@tmall.com,Female,139.138.59.163
1210,Edee,Capnerhurst,ecapnerhurst5t@webmd.com,Female,59.2.71.167
1211,Algernon,Jardin,ajardin5u@ca.gov,Male,205.215.120.44
1212,Adelheid,Ramme,aramme5v@google.fr,Female,173.106.40.86
1213,Bobina,Kield,bkield5w@amazon.co.jp,Female,37.141.138.133
1214,Latia,Sarfass,lsarfass5x@whitehouse.gov,Female,35.42.55.141
1215,Kellia,Jenoure,kjenoure5y@feedburner.com,Female,46.225.36.190
1216,Rudd,Grcic,rgrcic5z@last.fm,Male,59.94.50.7
1217,Quinn,Dumper,qdumper60@miibeian.gov.cn,Female,12.113.23.104
1218,Hazel,Martineau,hmartineau61@ibm.com,Female,23.21.189.231
1219,Duffy,Churches,dchurches62@bigcartel.com,Male,131.178.41.70
1220,Sonnnie,Prowse,sprowse63@surveymonkey.com,Female,116.146.204.66
1221,Gaven,Gillie,ggillie64@a8.net,Male,126.85.54.8
1222,Gawain,Falkinder,gfalkinder65@craigslist.org,Male,230.248.98.11
1223,Carri,Sidaway,csidaway66@hibu.com,Genderfluid,65.7.170.76
1224,Ileana,Robertsen,irobertsen67@apache.org,Female,52.149.77.107
1225,Geoffry,Hartnell,ghartnell68@unicef.org,Genderfluid,64.47.63.12
1226,Amie,Benne,abenne69@slashdot.org,Genderfluid,2.183.251.15
1227,Jewelle,Sambeck,jsambeck6a@patch.com,Female,54.196.1.34
1228,Inigo,Toohey,itoohey6b@webnode.com,Male,87.20.209.136
1229,Lilias,Skoggings,lskoggings6c@ustream.tv,Female,45.158.94.91
1230,Demetris,Ketchell,dketchell6d@stanford.edu,Female,117.87.110.207
1231,Annora,Amps,aamps6e@artisteer.com,Female,11.125.234.49
1232,Orly,Pollen,opollen6f@cbsnews.com,Female,125.128.61.26
1233,Alley,Wimmer,awimmer6g@timesonline.co.uk,Male,6.173.8.84
1234,Hayes,McSperrin,hmcsperrin6h@t-online.de,Male,39.102.214.173
1235,Arte,Dymick,adymick6i@google.com.br,Male,186.221.220.238
1236,Dacy,Leasor,dleasor6j@cbslocal.com,Female,22.54.109.218
1237,Constanta,Collidge,ccollidge6k@wikia.com,Female,78.238.149.12
1238,Noland,Pacheco,npacheco6l@imgur.com,Male,74.6.218.230
1239,Ansel,Boynton,aboynton6m@friendfeed.com,Male,218.199.249.133
1240,Chrissie,Litster,clitster6n@umich.edu,Female,234.240.229.134
1241,Gwendolyn,Luebbert,gluebbert6o@parallels.com,Female,202.127.90.156
1242,Rosco,Siene,rsiene6p@msu.edu,Male,254.243.238.199
1243,Catherine,Goor,cgoor6q@bloomberg.com,Bigender,172.37.31.128
1244,Haywood,De Antoni,hdeantoni6r@ihg.com,Male,238.176.237.154
1245,Erhard,Gytesham,egytesham6s@bluehost.com,Male,228.112.106.105
1246,Gay,Trinke,gtrinke6t@pen.io,Polygender,34.120.54.137
1247,Roseline,Giovannoni,rgiovannoni6u@nyu.edu,Female,115.184.28.43
1248,Odele,Weaver,oweaver6v@ft.com,Female,83.152.175.225
1249,Kaia,Tootin,ktootin6w@4shared.com,Female,199.42.173.126
1250,Juieta,Curm,jcurm6x@yahoo.co.jp,Bigender,186.159.158.17
1251,Bertina,Drackford,bdrackford6y@ebay.co.uk,Female,107.252.128.207
1252,Tildi,Avesque,tavesque6z@odnoklassniki.ru,Female,123.141.116.247
1253,Sibylla,Alfonsetto,salfonsetto70@abc.net.au,Female,192.158.134.168
1254,Westleigh,Seathwright,wseathwright71@over-blog.com,Male,65.126.231.138
1255,Randy,De Avenell,rdeavenell72@blogspot.com,Female,76.202.209.248
1256,Letisha,Ayling,layling73@photobucket.com,Female,20.60.196.94
1257,Madalyn,Bore,mbore74@weebly.com,Female,35.116.89.198
1258,Suellen,Jacobowitz,sjacobowitz75@state.tx.us,Female,159.127.85.94
1259,Simeon,Neilly,sneilly76@indiegogo.com,Genderfluid,227.214.86.209
1260,Darrick,Bundock,dbundock77@slashdot.org,Male,172.143.93.133
1261,Orbadiah,Warlton,owarlton78@spiegel.de,Male,231.178.98.82
1262,Eleonora,Jepson,ejepson79@dmoz.org,Female,79.148.14.239
1263,Jenna,Bearn,jbearn7a@over-blog.com,Female,57.85.87.148
1264,Cecily,Lumm,clumm7b@geocities.com,Female,38.61.17.73
1265,Tito,Shand,tshand7c@uiuc.edu,Male,214.88.122.250
1266,Mathian,Bartkiewicz,mbartkiewicz7d@google.co.uk,Male,184.54.253.210
1267,Xenos,Spieght,xspieght7e@about.com,Male,187.7.183.85
1268,Kendricks,Godin,kgodin7f@unc.edu,Male,63.63.189.102
1269,Annemarie,Southan,asouthan7g@cdbaby.com,Female,89.233.101.166
1270,Poul,Dayly,pdayly7h@webmd.com,Male,124.86.137.67
1271,Kiel,Mugridge,kmugridge7i@independent.co.uk,Male,204.33.208.17
1272,Dolorita,Giovani,dgiovani7j@bravesites.com,Female,112.33.131.59
1273,Matthiew,Frounks,mfrounks7k@howstuffworks.com,Male,243.101.144.7
1274,Rosemaria,Goodge,rgoodge7l@biglobe.ne.jp,Genderqueer,173.237.215.100
1275,Laraine,Carnoghan,lcarnoghan7m@skype.com,Female,239.76.63.51
1276,Sydney,Galletley,sgalletley7n@ask.com,Female,151.147.33.189
1277,Dianne,Andrzejak,dandrzejak7o@clickbank.net,Female,150.72.37.152
1278,Lion,McTrusty,lmctrusty7p@printfriendly.com,Male,101.30.170.64
1279,Noel,Byrnes,nbyrnes7q@so-net.ne.jp,Female,234.167.192.166
1280,Desmund,Gennerich,dgennerich7r@biblegateway.com,Male,176.116.241.248
1281,Christoph,Wimlett,cwimlett7s@berkeley.edu,Non-binary,69.69.72.219
1282,Krysta,Nelthropp,knelthropp7t@buzzfeed.com,Female,224.74.36.39
1283,Bartlett,Upcott,bupcott7u@bluehost.com,Male,71.82.179.6
1284,Lorelle,Frankcombe,lfrankcombe7v@deviantart.com,Female,146.162.10.91
1285,Ysabel,Gobbett,ygobbett7w@uol.com.br,Female,144.20.171.109
1286,Carolann,Van Arsdall,cvanarsdall7x@engadget.com,Female,91.170.117.56
1287,Hermie,Boggon,hboggon7y@issuu.com,Male,213.71.236.154
1288,Daven,Winn,dwinn7z@mapquest.com,Male,191.12.68.243
1289,Chester,Bohman,cbohman80@mashable.com,Male,206.160.112.254
1290,Lucian,Woolner,lwoolner81@google.de,Male,44.47.167.86
1291,Dorelle,Glyssanne,dglyssanne82@usatoday.com,Female,77.42.197.183
1292,Drucy,McKibben,dmckibben83@usnews.com,Female,14.183.137.94
1293,Hallsy,Pottie,hpottie84@jugem.jp,Bigender,55.60.42.99
1294,Mariel,Keelan,mkeelan85@flickr.com,Female,211.40.145.192
1295,Debra,Brumpton,dbrumpton86@deviantart.com,Female,231.30.15.73
1296,Farley,Surgey,fsurgey87@telegraph.co.uk,Male,188.167.229.95
1297,Germain,Butterfill,gbutterfill88@blogtalkradio.com,Female,162.19.7.230
1298,Hart,Aicken,haicken89@lulu.com,Male,189.128.92.65
1299,Wilek,Murty,wmurty8a@loc.gov,Genderfluid,168.28.152.76
1300,Bobina,Verchambre,bverchambre8b@google.co.uk,Female,35.22.30.46
1301,Sacha,McBay,smcbay8c@google.it,Female,144.218.57.15
1302,Berte,Hanshawe,bhanshawe8d@flickr.com,Female,246.215.223.166
1303,Goran,Stanton,gstanton8e@printfriendly.com,Male,183.61.24.183
1304,Adelle,Bott,abott8f@jiathis.com,Female,52.225.212.171
1305,Kip,Klessmann,kklessmann8g@macromedia.com,Male,224.194.231.152
1306,Barri,Scollan,bscollan8h@cam.ac.uk,Male,0.189.247.182
1307,Harli,Domenico,hdomenico8i@gnu.org,Female,118.120.67.169
1308,Denice,Callard,dcallard8j@microsoft.com,Female,29.209.7.34
1309,Clem,Eyam,ceyam8k@columbia.edu,Male,28.8.249.33
1310,Kassey,Rysom,krysom8l@addtoany.com,Female,77.47.44.1
1311,Renie,McMenemy,rmcmenemy8m@china.com.cn,Female,115.6.128.122
1312,Meara,Fealty,mfealty8n@soundcloud.com,Female,185.140.32.238
1313,Ivor,Fewlass,ifewlass8o@eventbrite.com,Male,211.75.219.43
1314,Guenevere,Doughtery,gdoughtery8p@gizmodo.com,Female,114.96.195.121
1315,Joceline,Mouatt,jmouatt8q@wiley.com,Female,173.145.17.48
1316,Marijo,Speenden,mspeenden8r@nydailynews.com,Female,145.18.186.223
1317,Jarvis,Ody,jody8s@diigo.com,Male,248.236.255.134
1318,Ami,Oakton,aoakton8t@si.edu,Female,76.235.86.119
1319,Cassie,Hairyes,chairyes8u@hexun.com,Female,30.212.136.6
1320,Kasper,Jerosch,kjerosch8v@house.gov,Male,117.29.222.209
1321,Derrek,Sandle,dsandle8w@scientificamerican.com,Male,221.69.70.3
1322,Maddie,MacGilfoyle,mmacgilfoyle8x@fotki.com,Male,12.182.190.139
1323,Shelly,Bryers,sbryers8y@theglobeandmail.com,Female,214.49.45.241
1324,Craggy,Nurden,cnurden8z@chicagotribune.com,Male,23.36.109.167
1325,Anallise,Amps,aamps90@wordpress.com,Female,143.129.166.201
1326,Selene,Learoyde,slearoyde91@java.com,Agender,38.144.66.164
1327,Ronnie,McIntosh,rmcintosh92@wikia.com,Male,131.208.20.69
1328,Paulina,Stannering,pstannering93@quantcast.com,Female,158.82.114.211
1329,Bel,Tortice,btortice94@phpbb.com,Female,38.205.104.185
1330,Rourke,Ibotson,ribotson95@nbcnews.com,Male,78.194.253.105
1331,Florella,Yankeev,fyankeev96@jimdo.com,Female,81.16.111.9
1332,Boonie,Paiton,bpaiton97@latimes.com,Male,236.171.87.154
1333,Gabrielle,Balcon,gbalcon98@trellian.com,Female,177.169.80.29
1334,Peter,Bison,pbison99@bravesites.com,Male,91.221.9.72
1335,Tally,Bolderson,tbolderson9a@globo.com,Male,164.86.253.96
1336,Gardener,Manlow,gmanlow9b@hubpages.com,Male,232.168.99.126
1337,Lothaire,Thorneloe,lthorneloe9c@squarespace.com,Male,180.179.152.119
1338,Forrester,Laise,flaise9d@joomla.org,Male,52.235.167.58
1339,Freddy,Risbridge,frisbridge9e@domainmarket.com,Female,251.52.166.104
1340,Angie,Easum,aeasum9f@indiatimes.com,Male,146.2.92.194
1341,Nealy,Ghion,nghion9g@statcounter.com,Male,125.251.119.125
1342,Filippo,Bussen,fbussen9h@dedecms.com,Male,240.177.138.27
1343,Verna,Arlow,varlow9i@pen.io,Female,66.52.242.57
1344,Job,Wingham,jwingham9j@europa.eu,Male,102.5.26.129
1345,Dar,Clavey,dclavey9k@lulu.com,Male,9.94.146.21
1346,Lorne,Cadwell,lcadwell9l@foxnews.com,Bigender,206.40.44.16
1347,Arny,Lamping,alamping9m@typepad.com,Male,150.190.153.122
1348,Brandyn,Raulin,braulin9n@desdev.cn,Male,183.46.78.207
1349,Christyna,Pickover,cpickover9o@ehow.com,Female,185.220.252.250
1350,Filmer,Rudkin,frudkin9p@eepurl.com,Male,143.85.65.164
1351,Isaiah,Frances,ifrances9q@mozilla.org,Male,77.99.178.205
1352,Chrysler,Addicott,caddicott9r@joomla.org,Female,17.215.64.170
1353,Queenie,Castelot,qcastelot9s@topsy.com,Female,30.191.190.111
1354,Cristabel,Garrit,cgarrit9t@infoseek.co.jp,Female,202.178.5.197
1355,Margo,Leeder,mleeder9u@tripadvisor.com,Female,253.134.144.18
1356,August,Barok,abarok9v@mtv.com,Male,34.183.199.193
1357,Corissa,Todman,ctodman9w@kickstarter.com,Female,149.170.28.209
1358,Gwenneth,Stokoe,gstokoe9x@free.fr,Female,161.131.72.42
1359,Corrie,Tersay,ctersay9y@wired.com,Male,160.213.67.121
1360,Beau,Goldbourn,bgoldbourn9z@about.me,Male,118.241.6.248
1361,Jacquette,Coultas,jcoultasa0@kickstarter.com,Female,53.163.209.136
1362,Alisa,Old,aolda1@umn.edu,Female,109.30.190.76
1363,Gloria,Coward,gcowarda2@naver.com,Genderqueer,20.178.16.192
1364,Dorelle,Gindghill,dgindghilla3@va.gov,Female,87.91.220.6
1365,Tremain,Alliberton,tallibertona4@reddit.com,Male,152.30.96.98
1366,Nikoletta,Conwell,nconwella5@amazon.co.uk,Female,175.71.96.234
1367,Joly,Pablos,jpablosa6@biblegateway.com,Female,119.3.130.120
1368,Korey,Shoorbrooke,kshoorbrookea7@walmart.com,Male,43.37.25.24
1369,Jemmy,Custard,jcustarda8@com.com,Female,252.232.175.22
1370,Odey,Oddboy,ooddboya9@behance.net,Male,125.43.223.182
1371,Kate,Khan,kkhanaa@hibu.com,Female,232.168.46.15
1372,Tremaine,Braiden,tbraidenab@ehow.com,Male,221.224.197.134
1373,Abe,O' Loughran,aoloughranac@epa.gov,Male,165.24.15.51
1374,Colet,Rockcliff,crockcliffad@dropbox.com,Male,116.142.16.223
1375,Agustin,Camilleri,acamilleriae@forbes.com,Male,113.22.21.17
1376,Hendrick,Eshelby,heshelbyaf@howstuffworks.com,Male,75.125.105.110
1377,Estella,Gilffilland,egilffillandag@nature.com,Female,22.16.83.184
1378,Thekla,Heck,theckah@narod.ru,Female,35.145.81.104
1379,Zebulon,Adamczyk,zadamczykai@yelp.com,Male,155.72.228.238
1380,Fitzgerald,Gleder,fglederaj@is.gd,Male,34.66.135.169
1381,Baxy,Wooffinden,bwooffindenak@usatoday.com,Male,242.154.240.223
1382,Moyra,Vesty,mvestyal@yellowbook.com,Female,125.175.107.226
1383,Mirilla,Rawll,mrawllam@altervista.org,Female,253.62.20.151
1384,My,Barukh,mbarukhan@skype.com,Male,29.50.223.90
1385,Sharron,Toolin,stoolinao@furl.net,Female,168.142.159.12
1386,Devin,Zanelli,dzanelliap@bigcartel.com,Male,101.245.16.179
1387,Dominick,Lant,dlantaq@cmu.edu,Male,233.59.107.200
1388,Grover,Ridgway,gridgwayar@aboutads.info,Genderqueer,22.72.13.169
1389,Anne,Cambden,acambdenas@bluehost.com,Female,7.143.83.254
1390,Harv,Papa,hpapaat@geocities.jp,Male,27.215.168.241
1391,Mauricio,Mariot,mmariotau@cbc.ca,Male,191.246.24.51
1392,Elvyn,Squirrel,esquirrelav@imdb.com,Male,4.26.179.217
1393,Adamo,Slay,aslayaw@vinaora.com,Male,96.232.147.177
1394,Iolanthe,Gillinghams,igillinghamsax@umn.edu,Female,108.170.145.37
1395,Lynne,Eydel,leydelay@dot.gov,Female,189.159.83.106
1396,Ermanno,Minogue,eminogueaz@unc.edu,Polygender,238.217.236.229
1397,Taddeo,Terrell,tterrellb0@amazon.co.jp,Male,135.10.224.27
1398,Roxie,Sherr,rsherrb1@mlb.com,Female,115.40.227.110
1399,Katya,Endersby,kendersbyb2@xrea.com,Female,165.191.78.202
1400,Ranee,Mollison,rmollisonb3@bloomberg.com,Female,77.100.130.32
1401,Brady,Polfer,bpolferb4@soundcloud.com,Male,209.214.155.48
1402,Angel,Etuck,aetuckb5@usda.gov,Female,54.106.33.96
1403,Elsy,Stoaks,estoaksb6@ocn.ne.jp,Female,167.178.94.230
1404,Appolonia,McVane,amcvaneb7@businessinsider.com,Female,244.56.110.198
1405,Ike,Asaaf,iasaafb8@vk.com,Male,24.204.4.29
1406,Julian,Bretherick,jbretherickb9@i2i.jp,Genderfluid,171.165.215.121
1407,Kelli,Di Bartolommeo,kdibartolommeoba@kickstarter.com,Female,145.75.57.108
1408,Townie,Clohissy,tclohissybb@biblegateway.com,Male,121.108.184.168
1409,Coral,Threadkell,cthreadkellbc@weather.com,Female,55.6.194.7
1410,Ronna,Bortol,rbortolbd@creativecommons.org,Female,201.67.31.187
1411,Lawton,Breadmore,lbreadmorebe@biglobe.ne.jp,Male,51.106.49.167
1412,Ervin,Caistor,ecaistorbf@amazonaws.com,Male,83.135.218.10
1413,Mechelle,Vondrach,mvondrachbg@deliciousdays.com,Female,103.127.17.208
1414,Barbara-anne,Moretto,bmorettobh@163.com,Female,152.27.162.100
1415,Webb,Morcombe,wmorcombebi@apple.com,Male,138.193.185.8
1416,Marta,Whittock,mwhittockbj@ifeng.com,Female,117.17.4.108
1417,Abagail,Ruddell,aruddellbk@zimbio.com,Female,252.117.144.20
1418,Ted,Tuxwell,ttuxwellbl@abc.net.au,Genderfluid,169.43.45.157
1419,Viv,Fanti,vfantibm@ucsd.edu,Female,30.50.6.203
1420,Emlen,Bunten,ebuntenbn@bloglines.com,Male,176.37.85.195
1421,Erhard,Crampsy,ecrampsybo@usatoday.com,Male,191.173.3.173
1422,Gavrielle,Baggs,gbaggsbp@tmall.com,Female,234.52.167.218
1423,Josi,Giorgioni,jgiorgionibq@ycombinator.com,Female,136.140.244.111
1424,Clerissa,Kippie,ckippiebr@hao123.com,Female,227.68.61.16
1425,Inness,Shard,ishardbs@army.mil,Male,235.187.80.83
1426,Danya,Bosdet,dbosdetbt@ocn.ne.jp,Genderqueer,103.20.176.205
1427,Niels,Auger,naugerbu@hugedomains.com,Male,113.216.230.149
1428,Devonna,Coddington,dcoddingtonbv@cnet.com,Female,162.21.208.245
1429,Rowe,Lomond,rlomondbw@businessinsider.com,Female,68.156.96.89
1430,Bernadette,Argontt,bargonttbx@purevolume.com,Female,26.32.91.8
1431,Paulita,Sadgrove,psadgroveby@ebay.com,Female,73.31.17.86
1432,Livia,Fowles,lfowlesbz@mozilla.org,Genderfluid,201.168.38.11
1433,Ravid,Hedlestone,rhedlestonec0@elpais.com,Male,206.147.16.140
1434,Tito,Thornley,tthornleyc1@geocities.jp,Male,141.95.118.206
1435,Philip,Mustin,pmustinc2@bloglines.com,Male,158.139.245.180
1436,Kleon,Petrolli,kpetrollic3@fotki.com,Male,67.47.213.118
1437,Cindie,Pinnocke,cpinnockec4@sbwire.com,Genderfluid,119.89.249.54
1438,Melly,Halloway,mhallowayc5@php.net,Female,7.193.23.179
1439,Guglielmo,Wapple,gwapplec6@rakuten.co.jp,Male,114.180.6.163
1440,Leah,Adamkiewicz,ladamkiewiczc7@squarespace.com,Female,101.174.107.194
1441,Klaus,Corbally,kcorballyc8@moonfruit.com,Male,86.214.70.32
1442,Gordy,Tredinnick,gtredinnickc9@webeden.co.uk,Male,188.27.123.85
1443,Melony,McKomb,mmckombca@rambler.ru,Female,5.13.226.50
1444,Jerrie,Aggis,jaggiscb@wired.com,Male,29.210.42.155
1445,Cherey,Rowett,crowettcc@ask.com,Female,134.59.24.7
1446,Del,Nevison,dnevisoncd@umn.edu,Female,43.216.246.38
1447,L;urette,Rattery,lratteryce@amazon.com,Female,124.18.200.194
1448,Lancelot,Waddingham,lwaddinghamcf@pagesperso-orange.fr,Male,143.118.47.74
1449,Elena,Diggons,ediggonscg@boston.com,Female,130.80.29.196
1450,Ellerey,Carmen,ecarmench@bloglines.com,Male,163.80.139.227
1451,Riordan,McCathy,rmccathyci@adobe.com,Male,6.230.143.239
1452,Bo,Divell,bdivellcj@trellian.com,Male,70.67.171.153
1453,Annabal,Sturge,asturgeck@about.com,Genderqueer,85.237.34.170
1454,Westbrooke,Dearness,wdearnesscl@barnesandnoble.com,Male,59.168.168.69
1455,Charity,Strangman,cstrangmancm@photobucket.com,Female,222.231.120.206
1456,Melania,Jarmyn,mjarmyncn@bravesites.com,Female,27.27.235.6
1457,Belicia,Amor,bamorco@theglobeandmail.com,Non-binary,32.125.165.0
1458,Katherina,De Cruz,kdecruzcp@census.gov,Polygender,169.40.15.245
1459,Cosimo,Wittleton,cwittletoncq@netlog.com,Male,238.208.237.203
1460,Babs,Runcie,brunciecr@npr.org,Female,182.232.109.252
1461,Bernadene,Eades,beadescs@163.com,Female,135.183.109.12
1462,Erek,Hutcheons,ehutcheonsct@parallels.com,Male,203.79.248.54
1463,Leonardo,Rupprecht,lrupprechtcu@answers.com,Male,11.216.97.1
1464,Moria,Warrender,mwarrendercv@slashdot.org,Female,48.127.95.138
1465,Chaddy,Lunge,clungecw@goo.gl,Male,245.65.78.235
1466,Hagan,Mollison,hmollisoncx@instagram.com,Male,119.245.159.160
1467,Maurizio,Philp,mphilpcy@csmonitor.com,Male,211.185.8.107
1468,Nady,Camelin,ncamelincz@t.co,Female,239.236.28.9
1469,Vitoria,Toth,vtothd0@ehow.com,Female,166.147.12.9
1470,Ingaberg,Bonicelli,ibonicellid1@ucoz.com,Female,76.173.111.219
1471,Gawen,Segeswoeth,gsegeswoethd2@aol.com,Male,71.26.104.14
1472,Wash,Darbey,wdarbeyd3@bbb.org,Male,7.222.231.24
1473,Freeman,Bownes,fbownesd4@mediafire.com,Male,137.76.28.32
1474,Newton,Branton,nbrantond5@typepad.com,Polygender,131.221.224.215
1475,Shandra,Mansour,smansourd6@wufoo.com,Female,252.72.5.26
1476,Vivyan,Winspeare,vwinspeared7@purevolume.com,Non-binary,78.16.126.119
1477,Leda,Monksfield,lmonksfieldd8@exblog.jp,Female,53.15.64.143
1478,Nettie,Ferfulle,nferfulled9@google.ca,Female,49.131.43.147
1479,Kipper,Chasle,kchasleda@jigsy.com,Male,43.138.191.189
1480,Gaye,Conningham,gconninghamdb@nature.com,Female,224.37.121.217
1481,Cortie,Undrill,cundrilldc@themeforest.net,Male,58.162.24.160
1482,Taylor,Battison,tbattisondd@soundcloud.com,Male,170.52.212.56
1483,Towney,Patershall,tpatershallde@bbb.org,Male,214.160.204.176
1484,Jacintha,Zorener,jzorenerdf@miibeian.gov.cn,Female,165.223.205.104
1485,Odo,Jeannot,ojeannotdg@technorati.com,Male,28.132.248.10
1486,Susana,Filyakov,sfilyakovdh@symantec.com,Female,154.22.11.105
1487,Nikita,Spikins,nspikinsdi@indiatimes.com,Male,197.19.70.145
1488,Stanford,Yakuntsov,syakuntsovdj@squidoo.com,Male,128.147.132.98
1489,Faulkner,Sandom,fsandomdk@alexa.com,Genderfluid,99.20.229.243
1490,Mufi,Hing,mhingdl@skyrock.com,Female,16.63.28.166
1491,Courtenay,Rycraft,crycraftdm@sakura.ne.jp,Female,59.213.129.11
1492,Far,Beatty,fbeattydn@imgur.com,Male,52.84.150.209
1493,Roman,Veeler,rveelerdo@weather.com,Male,238.42.42.0
1494,Kellby,Senner,ksennerdp@altervista.org,Male,125.157.254.221
1495,Dahlia,Meckiff,dmeckiffdq@google.cn,Female,19.98.53.127
1496,Gunter,Antat,gantatdr@independent.co.uk,Male,109.170.182.155
1497,Blondell,Klaes,bklaesds@usa.gov,Non-binary,166.132.170.90
1498,Farlay,Cherm,fchermdt@cnn.com,Male,211.79.47.110
1499,Ericha,Durber,edurberdu@dyndns.org,Female,109.178.255.199
1500,Amelita,Biasetti,abiasettidv@bizjournals.com,Female,193.222.116.82
1501,Emmy,Dellenbrook,edellenbrookdw@eventbrite.com,Male,139.9.107.115
1502,Charil,O'Scollee,coscolleedx@people.com.cn,Female,56.244.45.186
1503,Grete,Edgerley,gedgerleydy@microsoft.com,Female,158.233.157.251
1504,Hewe,Leyninye,hleyninyedz@ebay.co.uk,Male,191.74.83.239
1505,Bink,Standingford,bstandingforde0@archive.org,Male,163.33.190.28
1506,Sileas,Deely,sdeelye1@abc.net.au,Female,78.233.75.49
1507,Odelle,Sinson,osinsone2@behance.net,Female,233.55.36.241
1508,Angus,Dyshart,adysharte3@facebook.com,Male,29.99.226.187
1509,Trace,Ebbitt,tebbitte4@people.com.cn,Male,87.226.112.213
1510,Nannie,Taye,ntayee5@storify.com,Female,182.176.63.92
1511,Dewitt,Gibbett,dgibbette6@google.co.jp,Male,108.77.249.66
1512,Maje,Winterflood,mwinterfloode7@wunderground.com,Male,100.159.22.43
1513,Lars,Feitosa,lfeitosae8@addtoany.com,Male,120.52.247.36
1514,Diarmid,Van der Baaren,dvanderbaarene9@wufoo.com,Male,116.234.25.147
1515,Cesare,Conkling,cconklingea@utexas.edu,Male,227.82.166.145
1516,Sherlocke,Docwra,sdocwraeb@sogou.com,Male,98.138.213.178
1517,Gayla,Willers,gwillersec@etsy.com,Female,47.250.180.154
1518,Jeffry,Hancke,jhanckeed@opera.com,Male,34.235.188.183
1519,Roscoe,Kubicek,rkubicekee@bravesites.com,Male,222.235.49.103
1520,Garey,Kleisle,gkleisleef@flickr.com,Non-binary,5.211.53.254
1521,Stephannie,Swaine,sswaineeg@wp.com,Female,252.53.241.144
1522,Britteny,Grishenkov,bgrishenkoveh@comcast.net,Female,236.214.126.30
1523,Ronny,Stocking,rstockingei@indiegogo.com,Male,122.62.171.224
1524,Una,Kenneway,ukennewayej@wunderground.com,Female,83.177.58.74
1525,Merilyn,Kimmerling,mkimmerlingek@woothemes.com,Female,138.64.219.235
1526,Abbott,Yeskin,ayeskinel@imgur.com,Male,73.8.209.170
1527,Aluino,Ebdon,aebdonem@bing.com,Male,156.171.187.158
1528,Trumaine,Learie,tlearieen@mozilla.org,Male,74.126.211.246
1529,Helyn,Donovan,hdonovaneo@hud.gov,Female,111.98.205.122
1530,Horacio,Haselhurst,hhaselhurstep@tripadvisor.com,Male,48.166.58.154
1531,Kendall,Trayford,ktrayfordeq@oracle.com,Bigender,71.80.139.124
1532,Hortense,Potier,hpotierer@discovery.com,Female,42.98.7.52
1533,Betsy,Fakes,bfakeses@mapquest.com,Female,52.194.137.183
1534,Johanna,Hellwich,jhellwichet@acquirethisname.com,Female,31.199.154.182
1535,Marybelle,Shirland,mshirlandeu@independent.co.uk,Female,35.56.134.170
1536,Wye,Bish,wbishev@lulu.com,Male,161.71.204.236
1537,Yvor,Gheeraert,ygheeraertew@hugedomains.com,Agender,110.132.208.1
1538,Estell,Creyke,ecreykeex@miibeian.gov.cn,Female,112.102.15.241
1539,Darbee,Moatt,dmoattey@phoca.cz,Male,247.53.74.177
1540,Tommie,Balbeck,tbalbeckez@youtu.be,Male,126.91.156.191
1541,Amber,Scamaden,ascamadenf0@photobucket.com,Female,208.197.57.10
1542,Myrlene,Henlon,mhenlonf1@unblog.fr,Female,33.102.124.175
1543,Gina,Bondesen,gbondesenf2@sfgate.com,Female,121.30.206.234
1544,Derek,Feaks,dfeaksf3@cloudflare.com,Male,81.75.19.3
1545,Juline,Jeannaud,jjeannaudf4@unicef.org,Female,243.235.193.163
1546,Gabrielle,Chilver,gchilverf5@wiley.com,Female,100.92.102.139
1547,Caron,Stallard,cstallardf6@yelp.com,Female,194.85.13.37
1548,Dell,Gowdy,dgowdyf7@squidoo.com,Female,93.85.179.8
1549,Creigh,MacRirie,cmacririef8@e-recht24.de,Male,245.143.182.248
1550,Leland,Mayberry,lmayberryf9@wunderground.com,Female,190.65.44.193
1551,Toddie,Winterton,twintertonfa@yandex.ru,Male,88.193.148.83
1552,Austin,Elizabeth,aelizabethfb@joomla.org,Male,182.93.169.65
1553,Sande,Howson,showsonfc@mozilla.com,Female,149.117.154.209
1554,Gayle,De La Cote,gdelacotefd@slate.com,Male,118.6.19.111
1555,Dugald,Korpal,dkorpalfe@1und1.de,Male,219.43.223.94
1556,Kingston,Kenwood,kkenwoodff@i2i.jp,Male,227.70.28.253
1557,Lizzie,Digwood,ldigwoodfg@illinois.edu,Female,229.200.154.55
1558,Lothario,Gilbart,lgilbartfh@mail.ru,Genderfluid,139.136.187.32
1559,Leroi,Sweetnam,lsweetnamfi@google.com.hk,Male,123.161.242.6
1560,Whitney,Lindwall,wlindwallfj@umich.edu,Male,165.8.140.55
1561,Maribelle,Bees,mbeesfk@mediafire.com,Female,134.82.34.58
1562,Stanton,Birkinshaw,sbirkinshawfl@chronoengine.com,Male,83.192.170.165
1563,Lyndy,Huck,lhuckfm@oaic.gov.au,Female,90.28.177.46
1564,Kerrin,Hattersley,khattersleyfn@salon.com,Genderfluid,128.115.83.195
1565,Maryrose,Haysar,mhaysarfo@miitbeian.gov.cn,Female,91.1.116.138
1566,Jacki,Yesinov,jyesinovfp@yale.edu,Female,29.251.251.116
1567,Haleigh,Jocic,hjocicfq@newyorker.com,Female,132.76.113.198
1568,Abbe,Shire,ashirefr@europa.eu,Genderqueer,224.15.84.38
1569,Ely,Tongs,etongsfs@digg.com,Male,107.38.91.12
1570,Alfonse,Boules,aboulesft@scribd.com,Male,177.133.127.31
1571,Gloriana,Burnsyde,gburnsydefu@jugem.jp,Female,16.248.150.89
1572,Hilarius,Station,hstationfv@csmonitor.com,Male,133.86.96.117
1573,Jase,Thirlwall,jthirlwallfw@who.int,Polygender,127.233.150.113
1574,Ward,Myrtle,wmyrtlefx@skype.com,Male,35.203.68.53
1575,Caryn,Kelner,ckelnerfy@google.cn,Female,50.130.162.235
1576,Tasha,Raeside,traesidefz@zimbio.com,Female,142.39.71.173
1577,Ulrich,Rozenbaum,urozenbaumg0@businessweek.com,Genderqueer,82.116.15.47
1578,Araldo,McGlue,amcglueg1@irs.gov,Male,242.58.77.189
1579,Lemmy,Beauman,lbeaumang2@accuweather.com,Male,197.254.204.248
1580,Lilly,Cerman,lcermang3@arstechnica.com,Female,76.82.133.97
1581,Javier,Darch,jdarchg4@opensource.org,Male,184.134.185.177
1582,Lauritz,Hurndall,lhurndallg5@imgur.com,Male,1.66.233.100
1583,Avram,Kitchingman,akitchingmang6@g.co,Agender,101.106.158.119
1584,Desi,Clerk,dclerkg7@163.com,Male,219.236.87.28
1585,Sanson,Slatcher,sslatcherg8@so-net.ne.jp,Male,20.239.230.161
1586,Maurine,Gillions,mgillionsg9@furl.net,Female,168.169.42.185
1587,Trude,Tabary,ttabaryga@clickbank.net,Genderqueer,170.85.177.194
1588,Bob,Weakley,bweakleygb@webnode.com,Male,101.91.87.213
1589,Pete,Pierson,ppiersongc@cnbc.com,Male,11.43.73.159
1590,Brody,Horsburgh,bhorsburghgd@hostgator.com,Male,203.160.244.227
1591,Linus,Ellicombe,lellicombege@simplemachines.org,Male,89.3.2.32
1592,Joycelin,Howling,jhowlinggf@yahoo.com,Female,32.251.183.21
1593,Ilario,Gowers,igowersgg@barnesandnoble.com,Agender,30.168.128.72
1594,Valry,Barrowclough,vbarrowcloughgh@virginia.edu,Female,112.165.61.125
1595,Rickie,Roderigo,rroderigogi@mozilla.org,Female,151.147.13.132
1596,Sadye,Gunstone,sgunstonegj@tumblr.com,Genderqueer,224.224.98.23
1597,Neall,Gwyllt,ngwylltgk@t-online.de,Male,37.70.140.21
1598,Burton,Clemoes,bclemoesgl@cnet.com,Male,171.48.166.57
1599,Lefty,Shovlin,lshovlingm@reverbnation.com,Male,126.107.6.112
1600,Donetta,Betser,dbetsergn@tinypic.com,Female,90.241.120.201
1601,Lynsey,Loges,llogesgo@google.it,Female,119.197.46.4
1602,Iseabal,Rhoades,irhoadesgp@umich.edu,Female,225.130.23.85
1603,Sanders,Bellenie,sbelleniegq@blinklist.com,Male,115.121.234.112
1604,Joelle,Swatradge,jswatradgegr@va.gov,Female,75.1.53.210
1605,Dore,Gaythor,dgaythorgs@ucoz.ru,Female,149.33.251.195
1606,Dorothy,Sire,dsiregt@amazon.co.jp,Female,9.113.202.128
1607,Lambert,De Vries,ldevriesgu@nydailynews.com,Male,151.239.126.171
1608,Tynan,Bisgrove,tbisgrovegv@ucoz.com,Male,145.106.87.209
1609,Zacharias,Clynman,zclynmangw@mapy.cz,Male,140.122.241.88
1610,Lillis,Symson,lsymsongx@google.com,Female,238.203.249.65
1611,Miguel,Tomasicchio,mtomasicchiogy@freewebs.com,Male,47.102.47.69
1612,Dov,Kauffman,dkauffmangz@linkedin.com,Male,133.247.218.147
1613,Noel,McColley,nmccolleyh0@1und1.de,Female,89.110.214.164
1614,Raimund,Haddrell,rhaddrellh1@weibo.com,Male,159.63.105.241
1615,Carroll,Josefs,cjosefsh2@usatoday.com,Male,11.75.146.33
1616,Katinka,Marvell,kmarvellh3@vimeo.com,Female,181.140.157.237
1617,Kennedy,Wyett,kwyetth4@tripadvisor.com,Male,137.81.217.194
1618,Rozanne,Fraine,rfraineh5@joomla.org,Female,232.239.176.132
1619,Lesli,Leyson,lleysonh6@nifty.com,Female,123.129.99.52
1620,Ellynn,Twitchings,etwitchingsh7@seattletimes.com,Female,0.30.219.109
1621,Tandi,Dannohl,tdannohlh8@clickbank.net,Female,253.9.174.129
1622,Janie,Mattheeuw,jmattheeuwh9@blinklist.com,Non-binary,233.215.50.251
1623,Corby,Courtenay,ccourtenayha@sourceforge.net,Male,16.189.111.218
1624,Luise,Tomasutti,ltomasuttihb@uiuc.edu,Female,127.141.62.189
1625,Sauveur,Fosdyke,sfosdykehc@intel.com,Male,107.6.228.204
1626,Paddie,Delbergue,pdelberguehd@house.gov,Male,0.15.35.39
1627,Dorry,Temlett,dtemletthe@businessweek.com,Female,60.145.53.235
1628,Donovan,Edie,dediehf@studiopress.com,Male,140.36.20.140
1629,Waverly,Breyt,wbreythg@cmu.edu,Male,196.224.21.218
1630,Jethro,Gilby,jgilbyhh@dion.ne.jp,Male,220.192.112.3
1631,Urbanus,Orman,uormanhi@reference.com,Male,37.19.51.46
1632,Hastings,Breinl,hbreinlhj@java.com,Male,164.192.190.81
1633,Ives,MacVaugh,imacvaughhk@csmonitor.com,Male,108.175.194.241
1634,Rab,Janicijevic,rjanicijevichl@blogs.com,Male,241.20.155.37
1635,Carey,Hardacre,chardacrehm@facebook.com,Female,56.197.117.203
1636,Shalne,Pelos,speloshn@dell.com,Female,171.182.123.128
1637,Zelma,Doonican,zdoonicanho@joomla.org,Female,218.231.33.94
1638,Thain,Bossel,tbosselhp@comcast.net,Male,194.42.135.244
1639,Shelbi,Focke,sfockehq@chronoengine.com,Female,178.12.157.38
1640,Genovera,Kineton,gkinetonhr@wix.com,Female,249.57.197.85
1641,Aguie,Elijah,aelijahhs@theguardian.com,Male,149.40.62.206
1642,Kendrick,MacHarg,kmacharght@cisco.com,Male,70.28.85.218
1643,Waverley,Vala,wvalahu@tmall.com,Male,166.129.0.82
1644,Rozalie,Meeke,rmeekehv@msn.com,Polygender,152.46.246.229
1645,Gretel,Crosbie,gcrosbiehw@tiny.cc,Female,254.233.97.62
1646,Ondrea,Dadge,odadgehx@ustream.tv,Female,238.146.202.195
1647,Elias,Dovey,edoveyhy@slashdot.org,Male,134.69.152.99
1648,Kirby,Whife,kwhifehz@xrea.com,Female,50.9.142.92
1649,Maureene,Danielovitch,mdanielovitchi0@naver.com,Female,50.143.73.128
1650,Norton,Kelsey,nkelseyi1@biglobe.ne.jp,Bigender,207.84.61.78
1651,Townie,Dinjes,tdinjesi2@godaddy.com,Male,131.255.209.227
1652,Alla,Beushaw,abeushawi3@jigsy.com,Female,88.176.122.140
1653,Stan,Alford,salfordi4@ucoz.com,Male,139.24.72.195
1654,Fairlie,Camis,fcamisi5@arstechnica.com,Male,212.68.97.112
1655,Nevile,Traite,ntraitei6@sina.com.cn,Male,247.4.47.75
1656,Constantine,Haggith,chaggithi7@whitehouse.gov,Male,242.165.44.95
1657,Nolly,Sewter,nsewteri8@cbslocal.com,Male,14.253.58.103
1658,Fredra,Barajas,fbarajasi9@tumblr.com,Female,100.60.13.217
1659,Elberta,Lafranconi,elafranconiia@infoseek.co.jp,Female,23.202.119.23
1660,Luella,Beckinsall,lbeckinsallib@jigsy.com,Female,201.80.250.91
1661,Yettie,Merrilees,ymerrileesic@mysql.com,Female,30.138.117.3
1662,Jeremiah,Emanuelov,jemanuelovid@xing.com,Male,180.108.188.12
1663,Julius,Godfroy,jgodfroyie@rediff.com,Male,41.210.65.119
1664,Von,Tivenan,vtivenanif@google.pl,Male,130.69.185.84
1665,Bourke,Pankettman,bpankettmanig@surveymonkey.com,Male,207.57.103.145
1666,Sherlocke,Sheldon,ssheldonih@wired.com,Male,144.171.7.25
1667,Jules,Sawkins,jsawkinsii@sfgate.com,Male,176.23.139.166
1668,Kerwinn,Gentiry,kgentiryij@soup.io,Male,22.205.252.109
1669,Christyna,Busen,cbusenik@boston.com,Polygender,165.14.115.181
1670,Roland,Oret,roretil@archive.org,Male,137.48.222.122
1671,Palmer,Barnson,pbarnsonim@state.gov,Male,30.218.32.95
1672,Wynne,Fetherstonhaugh,wfetherstonhaughin@auda.org.au,Female,49.53.160.33
1673,Roana,Marval,rmarvalio@cbslocal.com,Female,210.11.192.113
1674,Anne-corinne,Braisted,abraistedip@clickbank.net,Female,3.41.58.142
1675,Agretha,Imlin,aimliniq@typepad.com,Female,26.104.50.52
1676,Gardiner,Cottier,gcottierir@hc360.com,Male,39.149.147.18
1677,Law,Warrender,lwarrenderis@toplist.cz,Male,160.177.197.33
1678,Mayor,Latchford,mlatchfordit@bloglines.com,Male,105.220.92.85
1679,Jordan,Tedman,jtedmaniu@bravesites.com,Female,111.232.120.25
1680,Fin,Carbett,fcarbettiv@live.com,Male,215.241.201.90
1681,Justus,Sanchiz,jsanchiziw@hibu.com,Genderqueer,197.154.101.181
1682,Clemente,Gimblet,cgimbletix@google.ca,Male,83.68.113.189
1683,Adriaens,Trumpeter,atrumpeteriy@imdb.com,Female,47.140.135.254
1684,Kiele,Portugal,kportugaliz@archive.org,Female,11.237.243.205
1685,Casandra,Alford,calfordj0@marriott.com,Female,60.97.97.132
1686,Diahann,Offield,doffieldj1@vkontakte.ru,Female,28.96.177.213
1687,Elli,Sheasby,esheasbyj2@hc360.com,Female,155.107.158.188
1688,Garrik,Margery,gmargeryj3@wordpress.com,Male,101.173.47.150
1689,Tarrance,Merigot,tmerigotj4@pinterest.com,Male,205.195.218.33
1690,Elton,Kornilyev,ekornilyevj5@histats.com,Male,190.139.193.175
1691,Conway,Causon,ccausonj6@hatena.ne.jp,Male,123.146.199.166
1692,Beniamino,Adamov,badamovj7@google.de,Male,6.60.36.92
1693,Heinrick,Castane,hcastanej8@bandcamp.com,Male,190.197.199.185
1694,Prue,Liddle,pliddlej9@jigsy.com,Female,81.39.122.196
1695,Tab,Byles,tbylesja@guardian.co.uk,Male,181.8.214.225
1696,Rurik,MacFadzean,rmacfadzeanjb@biglobe.ne.jp,Male,105.92.161.206
1697,Benedetto,Cast,bcastjc@aboutads.info,Male,131.254.231.167
1698,Aurora,Atheis,aatheisjd@webs.com,Female,151.147.186.87
1699,Loralee,Fedoronko,lfedoronkoje@marriott.com,Agender,155.24.211.54
1700,Purcell,Whetton,pwhettonjf@vimeo.com,Male,106.94.188.33
1701,Virgil,Tacker,vtackerjg@fc2.com,Male,211.100.21.35
1702,Gerry,Lander,glanderjh@bbc.co.uk,Male,207.66.123.114
1703,Pryce,McQueen,pmcqueenji@jimdo.com,Male,245.160.27.97
1704,Rita,Hutsby,rhutsbyjj@jiathis.com,Female,19.4.214.135
1705,Joeann,Breitler,jbreitlerjk@pen.io,Female,229.156.19.119
1706,Bette,Puddefoot,bpuddefootjl@stumbleupon.com,Female,152.186.251.8
1707,Elysia,McCowan,emccowanjm@newsvine.com,Female,181.118.20.57
1708,Georgine,Antoszewski,gantoszewskijn@wikipedia.org,Female,130.2.148.32
1709,Neill,Branton,nbrantonjo@elegantthemes.com,Male,164.81.195.153
1710,Honey,Benterman,hbentermanjp@ustream.tv,Female,60.87.55.197
1711,Brew,Bloy,bbloyjq@1688.com,Male,193.95.147.73
1712,Brit,MacArthur,bmacarthurjr@angelfire.com,Genderqueer,234.119.59.74
1713,Ricoriki,O' Meara,romearajs@google.nl,Male,187.154.9.207
1714,Darwin,Rickell,drickelljt@bing.com,Male,136.113.45.242
1715,Cassey,MacVagh,cmacvaghju@tripod.com,Female,212.135.222.15
1716,Morey,Fenge,mfengejv@mapquest.com,Male,32.216.243.95
1717,Bren,Corbitt,bcorbittjw@cnbc.com,Male,5.102.155.136
1718,Marcie,Gecks,mgecksjx@dell.com,Female,37.144.95.4
1719,Alister,Kedge,akedgejy@usgs.gov,Male,135.133.133.51
1720,Lizette,Kennifick,lkennifickjz@soup.io,Female,132.37.0.8
1721,Gard,Mossop,gmossopk0@shareasale.com,Male,33.56.50.223
1722,Gussy,Elleyne,gelleynek1@timesonline.co.uk,Agender,231.249.84.47
1723,Kristien,Laver,klaverk2@blinklist.com,Female,13.227.48.56
1724,Eldon,Field,efieldk3@miitbeian.gov.cn,Male,232.86.41.70
1725,Alphard,Bourrel,abourrelk4@vimeo.com,Male,188.227.105.128
1726,Tedmund,Brayson,tbraysonk5@bbc.co.uk,Male,205.58.146.178
1727,Junia,Toman,jtomank6@wordpress.com,Female,26.1.168.85
1728,Adriano,Delbergue,adelberguek7@unc.edu,Male,41.4.81.91
1729,Lauren,Bailes,lbailesk8@ask.com,Non-binary,211.155.116.8
1730,Wynn,Munkley,wmunkleyk9@opera.com,Male,160.140.0.183
1731,Osbourne,Stockau,ostockauka@marriott.com,Male,167.31.254.157
1732,Heywood,Carayol,hcarayolkb@amazon.com,Male,92.218.105.32
1733,Nomi,MacVay,nmacvaykc@hubpages.com,Genderqueer,71.205.33.249
1734,Greggory,Tuminelli,gtuminellikd@xing.com,Male,112.20.74.186
1735,Morry,Conigsby,mconigsbyke@blogtalkradio.com,Male,33.221.15.125
1736,Forrester,Fingleton,ffingletonkf@cloudflare.com,Male,2.230.52.249
1737,Kerry,Chapple,kchapplekg@constantcontact.com,Male,155.22.244.249
1738,Millard,Bolingbroke,mbolingbrokekh@e-recht24.de,Male,245.145.98.134
1739,Rowney,Purves,rpurveski@yandex.ru,Male,149.39.31.158
1740,Osbourn,Zoppie,ozoppiekj@freewebs.com,Male,234.226.82.187
1741,Chandler,Slopier,cslopierkk@purevolume.com,Male,222.54.9.139
1742,Barny,Laise,blaisekl@facebook.com,Male,119.104.156.61
1743,Raquel,Skurm,rskurmkm@flavors.me,Female,241.126.149.36
1744,Nikolia,Crucetti,ncrucettikn@wsj.com,Female,170.233.87.136
1745,Albert,Struthers,astruthersko@vk.com,Male,151.198.104.234
1746,Katharine,Wellen,kwellenkp@fastcompany.com,Female,210.251.124.50
1747,Nanny,Ghiron,nghironkq@myspace.com,Female,160.166.138.101
1748,Lamond,Gamil,lgamilkr@mayoclinic.com,Genderfluid,24.194.216.170
1749,Clarance,Cumming,ccummingks@lulu.com,Male,93.184.133.136
1750,Lanny,Andersen,landersenkt@discovery.com,Male,61.209.131.62
1751,Anne-corinne,Scothorn,ascothornku@forbes.com,Genderfluid,143.185.230.220
1752,Patrizius,Willox,pwilloxkv@reference.com,Male,134.214.145.227
1753,Zebedee,Dearth,zdearthkw@oakley.com,Male,168.84.243.46
1754,Melisa,Jeays,mjeayskx@senate.gov,Female,120.153.31.25
1755,Dalt,Connell,dconnellky@yale.edu,Male,178.36.80.170
1756,Elenore,Boardman,eboardmankz@bbc.co.uk,Female,194.115.44.11
1757,Efrem,Kingett,ekingettl0@ning.com,Male,83.33.203.12
1758,Jacklyn,Bugge,jbuggel1@shareasale.com,Female,162.52.194.24
1759,Ainslee,Ballantine,aballantinel2@tumblr.com,Female,224.171.103.200
1760,Forrester,Corradeschi,fcorradeschil3@rambler.ru,Non-binary,64.8.42.151
1761,Donia,Verbeek,dverbeekl4@intel.com,Female,54.187.23.248
1762,Norry,Knagges,nknaggesl5@independent.co.uk,Female,199.215.199.4
1763,Alair,Capstick,acapstickl6@123-reg.co.uk,Male,66.154.2.234
1764,Beck,Cornilleau,bcornilleaul7@biglobe.ne.jp,Male,150.253.2.243
1765,Conan,Blinckhorne,cblinckhornel8@altervista.org,Male,212.75.66.83
1766,Mabelle,Faltin,mfaltinl9@columbia.edu,Female,37.66.147.77
1767,Nonah,Francesch,nfranceschla@shareasale.com,Female,88.100.248.245
1768,Weston,Bursnall,wbursnalllb@opera.com,Male,121.214.75.144
1769,Delano,Raggett,draggettlc@homestead.com,Genderfluid,45.75.96.94
1770,Siana,MacRory,smacroryld@shutterfly.com,Female,215.175.15.59
1771,Randolf,Bernier,rbernierle@rakuten.co.jp,Male,8.68.8.141
1772,Kipp,Leas,kleaslf@fastcompany.com,Female,49.46.185.119
1773,Bethanne,Kief,bkieflg@clickbank.net,Female,163.125.136.32
1774,Neddy,Abell,nabelllh@hp.com,Male,211.192.223.51
1775,Marlyn,Branno,mbrannoli@mtv.com,Female,100.126.200.105
1776,Tabb,Cutajar,tcutajarlj@fc2.com,Male,101.29.160.10
1777,Nancie,MacCleod,nmaccleodlk@nydailynews.com,Female,145.14.22.183
1778,Evyn,Golborne,egolbornell@so-net.ne.jp,Male,188.3.118.33
1779,Vincenty,Andrews,vandrewslm@ycombinator.com,Male,179.156.86.38
1780,Tyson,Jan,tjanln@tripod.com,Male,193.142.52.78
1781,Carolyn,Meiner,cmeinerlo@miitbeian.gov.cn,Female,168.185.212.146
1782,Sofia,Burdfield,sburdfieldlp@rakuten.co.jp,Female,142.60.160.200
1783,Neilla,Kittoe,nkittoelq@istockphoto.com,Female,142.106.61.161
1784,Valeda,Kondratowicz,vkondratowiczlr@blogspot.com,Non-binary,136.168.113.102
1785,Arch,Oaker,aoakerls@china.com.cn,Male,220.162.191.92
1786,Crichton,Offell,coffelllt@epa.gov,Male,178.157.197.182
1787,Zonnya,Marconi,zmarconilu@reddit.com,Female,97.5.78.42
1788,Ashlee,Mee,ameelv@tuttocitta.it,Female,61.81.116.245
1789,Hedvige,Norker,hnorkerlw@auda.org.au,Female,157.175.218.190
1790,Regine,Lionel,rlionellx@arizona.edu,Female,243.239.85.1
1791,Reinaldos,Durno,rdurnoly@amazonaws.com,Male,146.169.21.33
1792,Caren,Jerzykiewicz,cjerzykiewiczlz@51.la,Female,205.219.63.204
1793,Maggy,Yeell,myeellm0@japanpost.jp,Female,175.111.240.165
1794,Hobie,Laborda,hlabordam1@imgur.com,Male,42.134.13.23
1795,Ansley,Fowle,afowlem2@macromedia.com,Genderfluid,199.141.40.82
1796,Horatius,Beernt,hbeerntm3@examiner.com,Male,212.254.218.199
1797,Maurie,Llopis,mllopism4@vistaprint.com,Male,206.109.177.12
1798,Karleen,Drillingcourt,kdrillingcourtm5@arizona.edu,Female,9.162.56.215
1799,Silva,Purvey,spurveym6@rakuten.co.jp,Female,216.160.103.148
1800,Pepita,Stedmond,pstedmondm7@weibo.com,Female,32.31.60.6
1801,Loleta,Rupert,lrupertm8@csmonitor.com,Female,111.76.144.169
1802,Guglielma,Pymar,gpymarm9@hexun.com,Female,86.232.130.189
1803,Rosy,Newband,rnewbandma@accuweather.com,Female,86.50.161.133
1804,Nevile,Pillans,npillansmb@technorati.com,Male,65.90.95.226
1805,Galina,Cuddon,gcuddonmc@webnode.com,Female,238.96.138.158
1806,Jania,Rengger,jrenggermd@sun.com,Female,17.58.119.163
1807,Arther,McKernan,amckernanme@redcross.org,Non-binary,234.58.35.127
1808,Paulo,MacAndreis,pmacandreismf@dailymail.co.uk,Male,223.175.147.251
1809,Kienan,Antos,kantosmg@spotify.com,Genderqueer,218.50.236.174
1810,Cullin,Pulteneye,cpulteneyemh@ox.ac.uk,Male,232.88.168.103
1811,Antonetta,Cullimore,acullimoremi@noaa.gov,Female,31.25.128.121
1812,Phillida,Buckie,pbuckiemj@prweb.com,Female,82.234.111.224
1813,Lianna,Bradshaw,lbradshawmk@blogspot.com,Female,142.138.221.220
1814,Paxon,Gawthrope,pgawthropeml@goodreads.com,Male,120.161.245.48
1815,Rheta,Barwood,rbarwoodmm@g.co,Female,232.215.237.79
1816,Filia,Wickrath,fwickrathmn@oakley.com,Female,45.93.69.197
1817,Rafi,Lowrey,rlowreymo@t-online.de,Male,77.82.112.152
1818,Thayne,Scarborough,tscarboroughmp@wordpress.org,Male,125.120.210.240
1819,Kathryn,Quartly,kquartlymq@pen.io,Female,181.118.80.185
1820,Cristine,Blincow,cblincowmr@yandex.ru,Female,254.97.43.119
1821,Deva,Killshaw,dkillshawms@instagram.com,Female,116.225.207.241
1822,Lacie,Castanie,lcastaniemt@tinyurl.com,Female,131.7.95.47
1823,Steffane,Guppey,sguppeymu@people.com.cn,Female,152.200.231.230
1824,Odetta,Filippi,ofilippimv@abc.net.au,Female,198.191.53.238
1825,Kinna,Sissot,ksissotmw@shareasale.com,Female,115.241.163.126
1826,Gun,Gallimore,ggallimoremx@soup.io,Male,83.200.255.178
1827,Philly,Skeggs,pskeggsmy@com.com,Female,221.192.252.229
1828,Billye,Worsom,bworsommz@youku.com,Female,255.22.81.96
1829,Yvor,Rocca,yroccan0@sphinn.com,Agender,64.88.155.185
1830,Orrin,Ibeson,oibesonn1@dyndns.org,Male,57.74.67.34
1831,Cybil,Treadaway,ctreadawayn2@blogtalkradio.com,Female,154.100.52.135
1832,Winfred,Kick,wkickn3@sina.com.cn,Male,75.107.84.139
1833,Cesare,Morecombe,cmorecomben4@foxnews.com,Male,95.16.106.145
1834,Gelya,Orwin,gorwinn5@bloglines.com,Female,223.10.115.21
1835,Filmer,Trewartha,ftrewarthan6@cyberchimps.com,Male,224.43.139.10
1836,Reid,Elvidge,relvidgen7@wikia.com,Male,127.192.89.215
1837,Kylynn,Teece,kteecen8@issuu.com,Female,198.29.132.220
1838,Vilhelmina,Beefon,vbeefonn9@topsy.com,Female,178.12.122.27
1839,Leonerd,Pallent,lpallentna@cnbc.com,Male,80.240.8.28
1840,Rhetta,Faltskog,rfaltskognb@soup.io,Female,82.143.100.157
1841,Ely,Sirkett,esirkettnc@nhs.uk,Male,84.25.189.78
1842,Andre,Colbertson,acolbertsonnd@simplemachines.org,Male,225.67.21.24
1843,Dedra,Castaneda,dcastanedane@bizjournals.com,Female,190.16.75.248
1844,Kalindi,Loynton,kloyntonnf@google.co.uk,Female,3.101.172.80
1845,Christoper,Slaney,cslaneyng@nps.gov,Male,3.80.3.164
1846,Isabelle,Creevy,icreevynh@tripadvisor.com,Female,111.34.220.1
1847,Elianora,Trittam,etrittamni@craigslist.org,Female,38.239.18.113
1848,Estrella,Anthoin,eanthoinnj@google.ru,Female,170.110.4.101
1849,Elisa,Stolli,estollink@pinterest.com,Female,186.80.51.205
1850,Augy,Erdely,aerdelynl@last.fm,Male,52.1.168.201
1851,Tristan,Lowder,tlowdernm@marriott.com,Male,21.161.182.16
1852,Kayle,Flores,kfloresnn@gov.uk,Female,149.83.28.150
1853,Bari,Biddell,bbiddellno@shareasale.com,Female,245.1.170.211
1854,Robbert,Quilkin,rquilkinnp@oaic.gov.au,Male,205.218.110.45
1855,Haven,Fouracres,hfouracresnq@mail.ru,Male,26.157.56.82
1856,Imogen,Moraleda,imoraledanr@themeforest.net,Female,77.42.19.36
1857,Bryon,Welburn,bwelburnns@scribd.com,Male,90.215.46.62
1858,Reta,Shawcroft,rshawcroftnt@gov.uk,Female,153.25.26.241
1859,Murial,Stelli,mstellinu@vk.com,Female,29.47.202.236
1860,Roseanna,Millins,rmillinsnv@ox.ac.uk,Female,114.242.234.184
1861,Sarine,Bucktharp,sbucktharpnw@t.co,Female,35.58.191.251
1862,Johannah,Whitrod,jwhitrodnx@home.pl,Female,192.18.28.224
1863,Rollin,Francais,rfrancaisny@blogger.com,Male,201.85.57.13
1864,Sammy,Larimer,slarimernz@unblog.fr,Female,239.118.6.115
1865,Charlean,Lyne,clyneo0@cloudflare.com,Female,175.37.23.205
1866,Dominick,Woolaghan,dwoolaghano1@cdbaby.com,Male,58.25.3.228
1867,Albertine,Samett,asametto2@fastcompany.com,Female,129.89.116.249
1868,Raleigh,Mangin,rmangino3@toplist.cz,Male,133.230.121.188
1869,Roseanna,Golson,rgolsono4@mysql.com,Polygender,202.115.199.17
1870,Alex,Akers,aakerso5@wordpress.com,Female,171.163.194.24
1871,Maryann,McRae,mmcraeo6@t.co,Female,224.95.114.251
1872,Donna,Haylett,dhayletto7@skyrock.com,Female,192.37.120.235
1873,Josias,Wishkar,jwishkaro8@newsvine.com,Male,234.236.215.141
1874,Blondy,Parkinson,bparkinsono9@behance.net,Female,169.151.232.252
1875,Con,Sanday,csandayoa@unc.edu,Male,244.121.142.245
1876,Cosetta,Canwell,ccanwellob@liveinternet.ru,Female,67.172.131.232
1877,Anatola,Bamford,abamfordoc@acquirethisname.com,Female,220.127.231.226
1878,Claiborne,Terrey,cterreyod@washingtonpost.com,Male,17.67.44.163
1879,Kipper,Britney,kbritneyoe@simplemachines.org,Genderfluid,221.119.59.29
1880,Lucila,Gibbe,lgibbeof@etsy.com,Female,187.179.144.240
1881,Freda,Somerville,fsomervilleog@disqus.com,Female,29.131.231.11
1882,Dalis,Rickertsen,drickertsenoh@yahoo.com,Male,50.42.125.25
1883,Erick,Jakel,ejakeloi@vistaprint.com,Male,62.160.243.230
1884,Happy,Benard,hbenardoj@oaic.gov.au,Female,189.59.194.25
1885,Gordan,Haistwell,ghaistwellok@wisc.edu,Bigender,153.149.75.40
1886,Darby,Loyley,dloyleyol@flickr.com,Male,154.99.128.58
1887,Giuditta,Ciccetti,gciccettiom@salon.com,Female,182.171.45.158
1888,Sheelagh,Wiseman,swisemanon@time.com,Female,237.202.170.110
1889,Abdul,Lansdowne,alansdowneoo@desdev.cn,Non-binary,194.46.157.77
1890,Briano,Molden,bmoldenop@jiathis.com,Male,194.153.85.206
1891,Delphine,Legrice,dlegriceoq@fastcompany.com,Female,219.59.63.46
1892,Lanie,Dixey,ldixeyor@de.vu,Female,199.111.172.145
1893,Patin,Franceschino,pfranceschinoos@sun.com,Male,174.146.18.120
1894,Graham,Grigoryev,ggrigoryevot@cdc.gov,Male,248.122.228.100
1895,Carol-jean,Keenleyside,ckeenleysideou@phpbb.com,Female,172.98.184.73
1896,Fina,Allso,fallsoov@reuters.com,Agender,175.0.122.112
1897,Chane,Dusey,cduseyow@msn.com,Male,36.20.62.212
1898,Salem,Maloney,smaloneyox@miibeian.gov.cn,Male,69.216.232.220
1899,Randolf,Fisbey,rfisbeyoy@google.de,Male,95.160.47.198
1900,La verne,Hellmore,lhellmoreoz@dailymotion.com,Female,90.138.102.32
1901,Bartholemy,Pherps,bpherpsp0@si.edu,Non-binary,7.0.33.18
1902,Moe,Noore,mnoorep1@cafepress.com,Male,253.230.174.182
1903,Langston,Bleythin,lbleythinp2@drupal.org,Male,194.241.11.237
1904,Almeria,Coil,acoilp3@edublogs.org,Female,108.45.82.177
1905,Purcell,Ambrosini,pambrosinip4@ustream.tv,Male,69.216.81.144
1906,Vic,Paolotto,vpaolottop5@dropbox.com,Bigender,45.17.199.42
1907,Clerissa,Riches,crichesp6@shutterfly.com,Female,188.220.17.164
1908,Trever,Bisiker,tbisikerp7@discovery.com,Male,13.56.70.12
1909,Quintana,Truelove,qtruelovep8@nytimes.com,Female,212.145.153.55
1910,Reube,Dinsale,rdinsalep9@who.int,Male,74.230.171.202
1911,Casey,Ravenscroftt,cravenscrofttpa@google.com.au,Male,58.245.92.127
1912,Boonie,Rebbeck,brebbeckpb@hc360.com,Male,224.102.217.206
1913,Daron,Bosnell,dbosnellpc@purevolume.com,Female,120.19.67.100
1914,Conroy,Pittock,cpittockpd@tiny.cc,Male,164.125.37.103
1915,Lyssa,Andrassy,landrassype@wisc.edu,Female,0.79.195.40
1916,Jazmin,Lascell,jlascellpf@4shared.com,Female,118.2.231.152
1917,Anastasie,Tomaselli,atomasellipg@vimeo.com,Bigender,53.119.5.193
1918,Korrie,Paulisch,kpaulischph@tiny.cc,Female,63.221.179.172
1919,Cloe,Tibols,ctibolspi@vinaora.com,Female,99.130.86.196
1920,Douglas,Smaling,dsmalingpj@msu.edu,Male,67.145.197.156
1921,Kennith,Rentcome,krentcomepk@newsvine.com,Male,104.7.131.121
1922,Hilton,Muglestone,hmuglestonepl@google.fr,Male,217.120.213.184
1923,Mildred,Dorrell,mdorrellpm@ucla.edu,Female,51.192.201.56
1924,Efrem,Itzig,eitzigpn@lycos.com,Male,227.54.94.204
1925,Tim,Grover,tgroverpo@icio.us,Male,165.37.107.226
1926,Ragnar,Maingot,rmaingotpp@sogou.com,Male,57.228.144.188
1927,Oralla,Ancliffe,oancliffepq@joomla.org,Genderqueer,81.131.151.61
1928,Renaldo,Riccelli,rriccellipr@cornell.edu,Male,55.54.125.24
1929,Jonas,Budding,jbuddingps@gravatar.com,Male,160.90.94.81
1930,Nathan,Waind,nwaindpt@yandex.ru,Male,158.137.230.140
1931,Evelyn,Creer,ecreerpu@arizona.edu,Male,5.174.23.225
1932,Marcelo,Andersen,mandersenpv@biglobe.ne.jp,Male,28.213.135.24
1933,Maiga,Audrey,maudreypw@yellowbook.com,Female,20.8.157.37
1934,Jeremias,Rosenfarb,jrosenfarbpx@dailymotion.com,Male,227.145.178.127
1935,Sidnee,Johnigan,sjohniganpy@geocities.jp,Male,231.109.182.4
1936,Lind,Eyrl,leyrlpz@cisco.com,Female,110.229.6.48
1937,Saree,Demongeot,sdemongeotq0@ocn.ne.jp,Female,69.145.170.167
1938,Nevile,Pundy,npundyq1@gnu.org,Male,141.200.221.105
1939,Ethelbert,Crocket,ecrocketq2@sakura.ne.jp,Male,195.107.19.70
1940,Lexy,Surpliss,lsurplissq3@gnu.org,Female,18.48.49.71
1941,Nissa,Grundy,ngrundyq4@cocolog-nifty.com,Female,161.154.215.199
1942,Tanney,Gisburne,tgisburneq5@fc2.com,Male,128.248.205.209
1943,Adelaida,Baynes,abaynesq6@cdc.gov,Female,228.192.107.78
1944,Alexis,Dearn,adearnq7@archive.org,Female,117.195.236.27
1945,Michaella,Warrack,mwarrackq8@hc360.com,Female,10.141.48.13
1946,Donna,McIleen,dmcileenq9@infoseek.co.jp,Female,121.183.100.42
1947,Riordan,Stefanovic,rstefanovicqa@accuweather.com,Male,62.109.75.230
1948,Marieann,Shambrook,mshambrookqb@google.ca,Female,26.92.24.247
1949,Hadrian,Sedwick,hsedwickqc@angelfire.com,Non-binary,181.12.154.96
1950,Shermie,Dominik,sdominikqd@ask.com,Male,202.200.10.72
1951,Levey,Wayon,lwayonqe@cloudflare.com,Male,54.105.157.51
1952,Thaddus,Pikhno,tpikhnoqf@nyu.edu,Male,134.147.119.161
1953,Agace,Cocher,acocherqg@oakley.com,Female,109.200.162.207
1954,Emmet,Feyer,efeyerqh@etsy.com,Male,114.13.85.201
1955,Mark,Hryskiewicz,mhryskiewiczqi@histats.com,Non-binary,47.254.115.248
1956,Donaugh,Latty,dlattyqj@google.com.br,Male,70.204.68.143
1957,Annabel,Willmett,awillmettqk@posterous.com,Female,209.20.201.243
1958,Hesther,Raithmill,hraithmillql@si.edu,Female,10.93.83.210
1959,Larisa,Birkinshaw,lbirkinshawqm@youtube.com,Female,242.153.41.103
1960,Nedi,Hofer,nhoferqn@cyberchimps.com,Female,134.102.95.149
1961,Prinz,Lorenzetti,plorenzettiqo@php.net,Male,133.206.12.17
1962,Alfons,Daspar,adasparqp@dailymotion.com,Male,192.21.184.123
1963,Ramonda,Beart,rbeartqq@aol.com,Female,102.63.11.72
1964,Elle,Sjollema,esjollemaqr@sohu.com,Agender,235.92.39.209
1965,Alina,Helversen,ahelversenqs@discovery.com,Female,174.97.39.46
1966,Coleman,Lewinton,clewintonqt@yahoo.com,Male,238.133.254.58
1967,Dorri,Chauvey,dchauveyqu@prlog.org,Female,223.31.112.174
1968,Gaston,Rintoul,grintoulqv@ihg.com,Male,46.1.150.234
1969,Indira,Christal,ichristalqw@wikipedia.org,Female,8.168.251.229
1970,Wes,Matzen,wmatzenqx@va.gov,Male,165.178.222.75
1971,Melicent,Boothebie,mboothebieqy@istockphoto.com,Female,156.186.253.69
1972,Brockie,Halksworth,bhalksworthqz@mit.edu,Non-binary,232.61.5.26
1973,Burr,Baulcombe,bbaulcomber0@illinois.edu,Male,226.92.199.188
1974,Sabina,Golby,sgolbyr1@histats.com,Female,86.219.22.16
1975,Joycelin,Hourihan,jhourihanr2@behance.net,Genderqueer,228.155.214.58
1976,Gabriella,Treker,gtrekerr3@people.com.cn,Female,142.77.41.123
1977,Austina,Blaxton,ablaxtonr4@npr.org,Female,215.246.243.46
1978,Angie,Trobe,atrober5@biblegateway.com,Female,118.221.169.3
1979,Lillian,Russel,lrusselr6@cdc.gov,Female,183.14.100.148
1980,Mortimer,Timlett,mtimlettr7@smugmug.com,Non-binary,163.46.13.78
1981,Kellby,Strute,kstruter8@issuu.com,Male,58.244.234.175
1982,Helena,McDougall,hmcdougallr9@irs.gov,Female,36.175.88.84
1983,Marlena,Tousy,mtousyra@webs.com,Female,178.231.28.163
1984,Hedwig,McCarver,hmccarverrb@cmu.edu,Female,197.74.42.247
1985,Cirillo,Higgan,chigganrc@earthlink.net,Male,103.188.143.218
1986,Georgiana,Tart,gtartrd@paginegialle.it,Female,153.11.77.161
1987,Sayres,Giannazzo,sgiannazzore@ovh.net,Male,42.148.24.116
1988,Modesta,Jerg,mjergrf@booking.com,Female,190.101.190.230
1989,Mable,Barnewall,mbarnewallrg@gnu.org,Female,148.99.31.135
1990,Roman,Alder,ralderrh@stumbleupon.com,Male,9.250.32.77
1991,Lorry,Newarte,lnewarteri@salon.com,Female,42.199.134.226
1992,Astrix,Jakubovsky,ajakubovskyrj@exblog.jp,Female,239.16.155.216
1993,Persis,Luckcock,pluckcockrk@twitpic.com,Female,39.32.238.107
1994,Maure,Fellow,mfellowrl@japanpost.jp,Female,39.240.10.151
1995,Rosa,Janjusevic,rjanjusevicrm@timesonline.co.uk,Female,128.105.251.124
1996,Brandice,Arber,barberrn@g.co,Female,10.99.119.51
1997,Renado,Heaton,rheatonro@squarespace.com,Male,116.48.209.93
1998,Queenie,Laviste,qlavisterp@usa.gov,Female,178.75.70.28
1999,Danyelle,Ivan,divanrq@t-online.de,Female,64.86.200.121
2000,Lay,Riddiough,lriddioughrr@rakuten.co.jp,Male,183.27.180.76
